Dependency,Ecosystem - Type,Repos,Vulns (H/M/L),License,Sponsor,Parent
"core@7.29.7","npm - direct","upload/upload/npm-bom","H:0 M:0 L:0","MIT",No,Direct
"preset-env@7.29.7","npm - direct","upload/upload/npm-bom","H:0 M:0 L:0","MIT",No,Direct
"runtime@7.29.7","npm - direct","upload/upload/npm-bom","H:0 M:0 L:0","MIT",No,Direct
"cyclonedx-npm@6.0.0","npm - direct","upload/upload/npm-bom","H:0 M:0 L:0","Apache-2.0",No,Direct
"async-storage@3.1.1","npm - direct","upload/upload/npm-bom","H:0 M:0 L:0","MIT",No,Direct
"cli-platform-android@20.1.0","npm - direct","upload/upload/npm-bom","H:0 M:0 L:0","MIT",No,Direct
"cli-platform-ios@20.1.0","npm - direct","upload/upload/npm-bom","H:0 M:0 L:0","MIT",No,Direct
"cli@20.1.0","npm - direct","upload/upload/npm-bom","H:0 M:0 L:0","MIT",No,Direct
"masked-view@0.3.2","npm - direct","upload/upload/npm-bom","H:0 M:0 L:0","MIT",No,Direct
"material-design-icons@13.1.2","npm - direct","upload/upload/npm-bom","H:0 M:0 L:0","MIT",No,Direct
"babel-preset@0.86.0","npm - direct","upload/upload/npm-bom","H:0 M:0 L:0","MIT",No,Direct
"eslint-config@0.86.0","npm - direct","upload/upload/npm-bom","H:0 M:0 L:0","MIT",No,Direct
"metro-config@0.86.0","npm - direct","upload/upload/npm-bom","H:0 M:0 L:0","MIT",No,Direct
"new-app-screen@0.86.0","npm - direct","upload/upload/npm-bom","H:0 M:0 L:0","MIT",No,Direct
"typescript-config@0.86.0","npm - direct","upload/upload/npm-bom","H:0 M:0 L:0","MIT",No,Direct
"bottom-tabs@7.18.13","npm - direct","upload/upload/npm-bom","H:0 M:0 L:0","MIT",No,Direct
"devtools@7.1.10","npm - direct","upload/upload/npm-bom","H:0 M:0 L:0","MIT",No,Direct
"drawer@7.13.4","npm - direct","upload/upload/npm-bom","H:0 M:0 L:0","MIT",No,Direct
"elements@2.9.35","npm - direct","upload/upload/npm-bom","H:0 M:0 L:0","MIT",No,Direct
"material-top-tabs@7.6.12","npm - direct","upload/upload/npm-bom","H:0 M:0 L:0","MIT",No,Direct
"native-stack@7.18.5","npm - direct","upload/upload/npm-bom","H:0 M:0 L:0","MIT",No,Direct
"native@7.3.13","npm - direct","upload/upload/npm-bom","H:0 M:0 L:0","MIT",No,Direct
"babel-preset-metro-react-native@4.0.0","npm - direct","upload/upload/npm-bom","H:0 M:0 L:0","MIT",No,Direct
"cli@2.0.2","npm - direct","upload/upload/npm-bom","H:0 M:0 L:0","MIT",No,Direct
"metro-config@2.2.4","npm - direct","upload/upload/npm-bom","H:0 M:0 L:0","MIT",No,Direct
"metro-resolver-symlinks@0.3.1","npm - direct","upload/upload/npm-bom","H:0 M:0 L:0","MIT",No,Direct
"controls-plugin@1.13.0","npm - direct","upload/upload/npm-bom","H:0 M:0 L:0","MIT",No,Direct
"file-system-plugin@1.13.0","npm - direct","upload/upload/npm-bom","H:0 M:0 L:0","MIT",No,Direct
"metro@1.13.0","npm - direct","upload/upload/npm-bom","H:0 M:0 L:0","MIT",No,Direct
"mmkv-plugin@1.13.0","npm - direct","upload/upload/npm-bom","H:0 M:0 L:0","MIT",No,Direct
"network-activity-plugin@1.13.0","npm - direct","upload/upload/npm-bom","H:0 M:0 L:0","MIT",No,Direct
"overlay-plugin@1.13.0","npm - direct","upload/upload/npm-bom","H:0 M:0 L:0","MIT",No,Direct
"performance-monitor-plugin@1.13.0","npm - direct","upload/upload/npm-bom","H:0 M:0 L:0","MIT",No,Direct
"react-navigation-plugin@1.13.0","npm - direct","upload/upload/npm-bom","H:0 M:0 L:0","MIT",No,Direct
"redux-devtools-plugin@1.13.0","npm - direct","upload/upload/npm-bom","H:0 M:0 L:0","MIT",No,Direct
"require-profiler-plugin@1.13.0","npm - direct","upload/upload/npm-bom","H:0 M:0 L:0","MIT",No,Direct
"rhf-plugin@1.13.0","npm - direct","upload/upload/npm-bom","H:0 M:0 L:0","MIT",No,Direct
"sqlite-plugin@1.13.0","npm - direct","upload/upload/npm-bom","H:0 M:0 L:0","MIT",No,Direct
"storage-plugin@1.13.0","npm - direct","upload/upload/npm-bom","H:0 M:0 L:0","MIT",No,Direct
"tanstack-query-plugin@1.13.0","npm - direct","upload/upload/npm-bom","H:0 M:0 L:0","MIT",No,Direct
"web@1.13.0","npm - direct","upload/upload/npm-bom","H:0 M:0 L:0","Unknown",No,Direct
"react-native@8.20.0","npm - direct","upload/upload/npm-bom","H:0 M:0 L:0","MIT",No,Direct
"jest@29.5.14","npm - direct","upload/upload/npm-bom","H:0 M:0 L:0","MIT",No,Direct
"react-test-renderer@19.1.0","npm - direct","upload/upload/npm-bom","H:0 M:0 L:0","MIT",No,Direct
"react@19.2.17","npm - direct","upload/upload/npm-bom","H:0 M:0 L:0","MIT",No,Direct
"babel-loader@10.1.1","npm - direct","upload/upload/npm-bom","H:0 M:0 L:0","MIT",No,Direct
"eslint@8.57.1","npm - direct","upload/upload/npm-bom","H:0 M:0 L:0","MIT",No,Direct
"jest@29.7.0","npm - direct","upload/upload/npm-bom","H:0 M:0 L:0","MIT",No,Direct
"prettier@2.8.8","npm - direct","upload/upload/npm-bom","H:0 M:0 L:0","MIT",No,Direct
"react-native-gesture-handler@3.1.0","npm - direct","upload/upload/npm-bom","H:0 M:0 L:0","MIT",No,Direct
"react-native-nitro-fetch@1.5.3","npm - direct","upload/upload/npm-bom","H:0 M:0 L:0","MIT",No,Direct
"react-native-nitro-modules@0.36.1","npm - direct","upload/upload/npm-bom","H:0 M:0 L:0","MIT",No,Direct
"react-native-paper@5.15.3","npm - direct","upload/upload/npm-bom","H:0 M:0 L:0","MIT",No,Direct
"react-native-reanimated@4.5.3","npm - direct","upload/upload/npm-bom","H:0 M:0 L:0","MIT",No,Direct
"react-native-safe-area-context@5.8.0","npm - direct","upload/upload/npm-bom","H:0 M:0 L:0","MIT",No,Direct
"react-native-screens@4.26.2","npm - direct","upload/upload/npm-bom","H:0 M:0 L:0","MIT",No,Direct
"react-native-svg@15.15.5","npm - direct","upload/upload/npm-bom","H:0 M:0 L:0","MIT",No,Direct
"react-native-test-app@5.4.5","npm - direct","upload/upload/npm-bom","H:0 M:0 L:0","MIT",No,Direct
"react-native-worklets@0.11.1","npm - direct","upload/upload/npm-bom","H:0 M:0 L:0","MIT",No,Direct
"react-native@0.86.0","npm - direct","upload/upload/npm-bom","H:0 M:0 L:0","MIT",No,Direct
"react-test-renderer@19.2.3","npm - direct","upload/upload/npm-bom","H:0 M:0 L:0","MIT",No,Direct
"react@19.2.3","npm - direct","upload/upload/npm-bom","H:0 M:0 L:0","MIT",No,Direct
"terser-webpack-plugin@5.6.1","npm - direct","upload/upload/npm-bom","H:0 M:0 L:0","MIT",No,Direct
"typescript@5.9.3","npm - direct","upload/upload/npm-bom","H:0 M:0 L:0","Apache-2.0",No,Direct
"webpack@5.108.4","npm - direct","upload/upload/npm-bom","H:0 M:0 L:0","MIT",No,Direct
"code-frame@7.29.7","npm - transitive","upload/upload/npm-bom","H:0 M:0 L:0","MIT",No,"core@7.29.7, template@7.29.7, traverse@7.29.7, metro@0.84.4, jest-message-util@29.7.0, parse-json@5.2.0"
"generator@7.29.7","npm - transitive","upload/upload/npm-bom","H:0 M:0 L:0","MIT",No,"core@7.29.7, react-native-worklets@0.11.1, traverse@7.29.7, metro@0.84.4, jest-snapshot@29.7.0, metro-transform-plugins@0.84.4, metro-transform-worker@0.84.4"
"helper-compilation-targets@7.29.7","npm - transitive","upload/upload/npm-bom","H:0 M:0 L:0","MIT",No,"core@7.29.7, preset-env@7.29.7, plugin-transform-classes@7.29.7, plugin-transform-function-name@7.29.7, plugin-transform-object-rest-spread@7.29.7, helper-define-polyfill-provider@0.6.8"
"helper-module-transforms@7.29.7","npm - transitive","upload/upload/npm-bom","H:0 M:0 L:0","MIT",No,"core@7.29.7, plugin-transform-modules-amd@7.29.7, plugin-transform-modules-commonjs@7.29.7, plugin-transform-modules-systemjs@7.29.7, plugin-transform-modules-umd@7.29.7"
"helpers@7.29.7","npm - transitive","upload/upload/npm-bom","H:0 M:0 L:0","MIT",No,"core@7.29.7"
"parser@7.29.7","npm - transitive","upload/upload/npm-bom","H:0 M:0 L:0","MIT",No,"core@7.29.7, generator@7.29.7, template@7.29.7, traverse@7.29.7, eslint-plugin-react-hooks@7.1.1, codegen@0.86.0, metro@0.84.4, metro-transform-worker@0.84.4, istanbul-lib-instrument@6.0.3, babel__core@7.20.5, babel__template@7.4.4"
"template@7.29.7","npm - transitive","upload/upload/npm-bom","H:0 M:0 L:0","MIT",No,"core@7.29.7, helpers@7.29.7, traverse@7.29.7, plugin-transform-computed-properties@7.29.7, metro@0.84.4, helper-wrap-function@7.29.7, metro-transform-plugins@0.84.4, babel-plugin-jest-hoist@29.6.3"
"traverse@7.29.7","npm - transitive","upload/upload/npm-bom","H:0 M:0 L:0","MIT",No,"core@7.29.7, react-native-worklets@0.11.1, helper-module-transforms@7.29.7, plugin-bugfix-firefox-class-in-computed-class-key@7.29.7, plugin-bugfix-v8-static-class-fields-redefine-readonly@7.29.7, plugin-transform-async-generator-functions@7.29.7, plugin-transform-classes@7.29.7, plugin-transform-destructuring@7.29.7, plugin-transform-function-name@7.29.7, plugin-transform-modules-systemjs@7.29.7, plugin-transform-object-rest-spread@7.29.7, babel-plugin-codegen@0.86.0, babel-plugin-const-enum@1.2.0, metro-source-map@0.84.4, helper-module-imports@7.29.7, helper-skip-transparent-expression-wrappers@7.29.7, helper-remap-async-to-generator@7.29.7, helper-create-class-features-plugin@7.29.7, helper-replace-supers@7.29.7, metro@0.84.4, helper-wrap-function@7.29.7, helper-member-expression-to-functions@7.29.7, metro-transform-plugins@0.84.4"
"types@7.29.7","npm - transitive","upload/upload/npm-bom","H:0 M:0 L:0","MIT",No,"core@7.29.7, react-native-worklets@0.11.1, generator@7.29.7, helpers@7.29.7, parser@7.29.7, template@7.29.7, traverse@7.29.7, preset-modules@0.1.6-no-external-plugins, plugin-transform-react-jsx@7.29.7, metro-source-map@0.84.4, helper-module-imports@7.29.7, helper-skip-transparent-expression-wrappers@7.29.7, helper-annotate-as-pure@7.29.7, metro@0.84.4, jest-snapshot@29.7.0, helper-wrap-function@7.29.7, helper-member-expression-to-functions@7.29.7, helper-optimise-call-expression@7.29.7, metro-transform-worker@0.84.4, babel__core@7.20.5, babel__generator@7.27.0, babel__template@7.4.4, babel__traverse@7.28.0, babel-plugin-jest-hoist@29.6.3"
"remapping@2.3.5","npm - transitive","upload/upload/npm-bom","H:0 M:0 L:0","MIT",No,"core@7.29.7"
"convert-source-map@2.0.0","npm - transitive","upload/upload/npm-bom","H:0 M:0 L:0","MIT",No,"core@7.29.7, react-native-worklets@0.11.1, transform@29.7.0, v8-to-istanbul@9.3.0"
"debug@4.4.3","npm - transitive","upload/upload/npm-bom","H:0 M:0 L:0","MIT",No,"core@7.29.7, eslint@8.57.1, traverse@7.29.7, parser@8.65.0, eslintrc@2.1.4, config-array@0.13.0, community-cli-plugin@0.86.0, helper-define-polyfill-provider@0.6.8, type-utils@8.65.0, typescript-estree@8.65.0, metro@0.84.4, express@5.2.1, dev-middleware@0.86.0, project-service@8.65.0, https-proxy-agent@7.0.6, metro-file-map@0.84.4, router@2.2.0, send@1.2.1, istanbul-lib-source-maps@4.0.1, debugger-shell@0.86.0, http-proxy-agent@7.0.2, socks-proxy-agent@8.0.5"
"gensync@1.0.0-beta.2","npm - transitive","upload/upload/npm-bom","H:0 M:0 L:0","MIT",No,"core@7.29.7"
"json5@2.2.3","npm - transitive","upload/upload/npm-bom","H:0 M:0 L:0","MIT",No,"core@7.29.7"
"semver@6.3.1","npm - transitive","upload/upload/npm-bom","H:0 M:0 L:0","ISC",No,"core@7.29.7, preset-env@7.29.7, helper-compilation-targets@7.29.7, babel-plugin-polyfill-corejs2@0.4.17, plugin-transform-runtime@7.29.7, eslint-parser@7.29.7, eslint-plugin-react@7.37.5, helper-create-regexp-features-plugin@7.29.7, helper-create-class-features-plugin@7.29.7, node-exports-info@1.6.2"
"compat-data@7.29.7","npm - transitive","upload/upload/npm-bom","H:0 M:0 L:0","MIT",No,"preset-env@7.29.7, helper-compilation-targets@7.29.7, babel-plugin-polyfill-corejs2@0.4.17"
"helper-plugin-utils@7.29.7","npm - transitive","upload/upload/npm-bom","H:0 M:0 L:0","MIT",No,"preset-env@7.29.7, plugin-bugfix-firefox-class-in-computed-class-key@7.29.7, plugin-bugfix-safari-class-field-initializer-scope@7.29.7, plugin-bugfix-safari-id-destructuring-collision-in-function-expression@7.29.7, plugin-bugfix-safari-rest-destructuring-rhs-array@7.29.7, plugin-bugfix-v8-spread-parameters-in-optional-chaining@7.29.7, plugin-bugfix-v8-static-class-fields-redefine-readonly@7.29.7, plugin-syntax-import-assertions@7.29.7, plugin-syntax-import-attributes@7.29.7, plugin-syntax-unicode-sets-regex@7.18.6, plugin-transform-arrow-functions@7.29.7, plugin-transform-async-generator-functions@7.29.7, plugin-transform-async-to-generator@7.29.7, plugin-transform-block-scoped-functions@7.29.7, plugin-transform-block-scoping@7.29.7, plugin-transform-class-properties@7.29.7, plugin-transform-class-static-block@7.29.7, plugin-transform-classes@7.29.7, plugin-transform-computed-properties@7.29.7, plugin-transform-destructuring@7.29.7, plugin-transform-dotall-regex@7.29.7, plugin-transform-duplicate-keys@7.29.7, plugin-transform-duplicate-named-capturing-groups-regex@7.29.7, plugin-transform-dynamic-import@7.29.7, plugin-transform-explicit-resource-management@7.29.7, plugin-transform-exponentiation-operator@7.29.7, plugin-transform-export-namespace-from@7.29.7, plugin-transform-for-of@7.29.7, plugin-transform-function-name@7.29.7, plugin-transform-json-strings@7.29.7, plugin-transform-literals@7.29.7, plugin-transform-logical-assignment-operators@7.29.7, plugin-transform-member-expression-literals@7.29.7, plugin-transform-modules-amd@7.29.7, plugin-transform-modules-commonjs@7.29.7, plugin-transform-modules-systemjs@7.29.7, plugin-transform-modules-umd@7.29.7, plugin-transform-named-capturing-groups-regex@7.29.7, plugin-transform-new-target@7.29.7, plugin-transform-nullish-coalescing-operator@7.29.7, plugin-transform-numeric-separator@7.29.7, plugin-transform-object-rest-spread@7.29.7, plugin-transform-object-super@7.29.7, plugin-transform-optional-catch-binding@7.29.7, plugin-transform-optional-chaining@7.29.7, plugin-transform-parameters@7.29.7, plugin-transform-private-methods@7.29.7, plugin-transform-private-property-in-object@7.29.7, plugin-transform-property-literals@7.29.7, plugin-transform-regenerator@7.29.7, plugin-transform-regexp-modifiers@7.29.7, plugin-transform-reserved-words@7.29.7, plugin-transform-shorthand-properties@7.29.7, plugin-transform-spread@7.29.7, plugin-transform-sticky-regex@7.29.7, plugin-transform-template-literals@7.29.7, plugin-transform-typeof-symbol@7.29.7, plugin-transform-unicode-escapes@7.29.7, plugin-transform-unicode-property-regex@7.29.7, plugin-transform-unicode-regex@7.29.7, plugin-transform-unicode-sets-regex@7.29.7, preset-modules@0.1.6-no-external-plugins, plugin-proposal-export-default-from@7.29.7, plugin-syntax-dynamic-import@7.8.3, plugin-syntax-export-default-from@7.29.7, plugin-syntax-nullish-coalescing-operator@7.8.3, plugin-syntax-optional-chaining@7.8.3, plugin-transform-flow-strip-types@7.29.7, plugin-transform-react-display-name@7.29.7, plugin-transform-react-jsx-self@7.29.7, plugin-transform-react-jsx-source@7.29.7, plugin-transform-react-jsx@7.29.7, plugin-transform-runtime@7.29.7, plugin-transform-typescript@7.29.7, babel-plugin-const-enum@1.2.0, preset-typescript@7.29.7, helper-define-polyfill-provider@0.6.8, plugin-syntax-flow@7.29.7, plugin-syntax-jsx@7.29.7, plugin-syntax-typescript@7.29.7, babel-plugin-istanbul@6.1.1, plugin-syntax-async-generators@7.8.4, plugin-syntax-bigint@7.8.3, plugin-syntax-class-properties@7.12.13, plugin-syntax-class-static-block@7.14.5, plugin-syntax-import-meta@7.10.4, plugin-syntax-json-strings@7.8.3, plugin-syntax-logical-assignment-operators@7.10.4, plugin-syntax-numeric-separator@7.10.4, plugin-syntax-object-rest-spread@7.8.3, plugin-syntax-optional-catch-binding@7.8.3, plugin-syntax-private-property-in-object@7.14.5, plugin-syntax-top-level-await@7.14.5"
"helper-validator-option@7.29.7","npm - transitive","upload/upload/npm-bom","H:0 M:0 L:0","MIT",No,"preset-env@7.29.7, helper-compilation-targets@7.29.7, preset-typescript@7.29.7"
"plugin-bugfix-firefox-class-in-computed-class-key@7.29.7","npm - transitive","upload/upload/npm-bom","H:0 M:0 L:0","MIT",No,"preset-env@7.29.7"
"plugin-bugfix-safari-class-field-initializer-scope@7.29.7","npm - transitive","upload/upload/npm-bom","H:0 M:0 L:0","MIT",No,"preset-env@7.29.7"
"plugin-bugfix-safari-id-destructuring-collision-in-function-expression@7.29.7","npm - transitive","upload/upload/npm-bom","H:0 M:0 L:0","MIT",No,"preset-env@7.29.7"
"plugin-bugfix-safari-rest-destructuring-rhs-array@7.29.7","npm - transitive","upload/upload/npm-bom","H:0 M:0 L:0","MIT",No,"preset-env@7.29.7"
"plugin-bugfix-v8-spread-parameters-in-optional-chaining@7.29.7","npm - transitive","upload/upload/npm-bom","H:0 M:0 L:0","MIT",No,"preset-env@7.29.7"
"plugin-bugfix-v8-static-class-fields-redefine-readonly@7.29.7","npm - transitive","upload/upload/npm-bom","H:0 M:0 L:0","MIT",No,"preset-env@7.29.7"
"plugin-proposal-private-property-in-object@7.21.0-placeholder-for-preset-env.2","npm - transitive","upload/upload/npm-bom","H:0 M:0 L:0","MIT",No,"preset-env@7.29.7"
"plugin-syntax-import-assertions@7.29.7","npm - transitive","upload/upload/npm-bom","H:0 M:0 L:0","MIT",No,"preset-env@7.29.7"
"plugin-syntax-import-attributes@7.29.7","npm - transitive","upload/upload/npm-bom","H:0 M:0 L:0","MIT",No,"preset-env@7.29.7, babel-preset-current-node-syntax@1.2.0"
"plugin-syntax-unicode-sets-regex@7.18.6","npm - transitive","upload/upload/npm-bom","H:0 M:0 L:0","MIT",No,"preset-env@7.29.7"
"plugin-transform-arrow-functions@7.29.7","npm - transitive","upload/upload/npm-bom","H:0 M:0 L:0","MIT",No,"preset-env@7.29.7, react-native-worklets@0.11.1"
"plugin-transform-async-generator-functions@7.29.7","npm - transitive","upload/upload/npm-bom","H:0 M:0 L:0","MIT",No,"preset-env@7.29.7, babel-preset@0.86.0"
"plugin-transform-async-to-generator@7.29.7","npm - transitive","upload/upload/npm-bom","H:0 M:0 L:0","MIT",No,"preset-env@7.29.7, babel-preset@0.86.0"
"plugin-transform-block-scoped-functions@7.29.7","npm - transitive","upload/upload/npm-bom","H:0 M:0 L:0","MIT",No,"preset-env@7.29.7"
"plugin-transform-block-scoping@7.29.7","npm - transitive","upload/upload/npm-bom","H:0 M:0 L:0","MIT",No,"preset-env@7.29.7, babel-preset@0.86.0"
"plugin-transform-class-properties@7.29.7","npm - transitive","upload/upload/npm-bom","H:0 M:0 L:0","MIT",No,"preset-env@7.29.7, babel-preset@0.86.0, react-native-worklets@0.11.1"
"plugin-transform-class-static-block@7.29.7","npm - transitive","upload/upload/npm-bom","H:0 M:0 L:0","MIT",No,"preset-env@7.29.7"
"plugin-transform-classes@7.29.7","npm - transitive","upload/upload/npm-bom","H:0 M:0 L:0","MIT",No,"preset-env@7.29.7, babel-preset@0.86.0, react-native-worklets@0.11.1"
"plugin-transform-computed-properties@7.29.7","npm - transitive","upload/upload/npm-bom","H:0 M:0 L:0","MIT",No,"preset-env@7.29.7"
"plugin-transform-destructuring@7.29.7","npm - transitive","upload/upload/npm-bom","H:0 M:0 L:0","MIT",No,"preset-env@7.29.7, babel-preset@0.86.0, plugin-transform-explicit-resource-management@7.29.7, plugin-transform-object-rest-spread@7.29.7"
"plugin-transform-dotall-regex@7.29.7","npm - transitive","upload/upload/npm-bom","H:0 M:0 L:0","MIT",No,"preset-env@7.29.7"
"plugin-transform-duplicate-keys@7.29.7","npm - transitive","upload/upload/npm-bom","H:0 M:0 L:0","MIT",No,"preset-env@7.29.7"
"plugin-transform-duplicate-named-capturing-groups-regex@7.29.7","npm - transitive","upload/upload/npm-bom","H:0 M:0 L:0","MIT",No,"preset-env@7.29.7"
"plugin-transform-dynamic-import@7.29.7","npm - transitive","upload/upload/npm-bom","H:0 M:0 L:0","MIT",No,"preset-env@7.29.7"
"plugin-transform-explicit-resource-management@7.29.7","npm - transitive","upload/upload/npm-bom","H:0 M:0 L:0","MIT",No,"preset-env@7.29.7"
"plugin-transform-exponentiation-operator@7.29.7","npm - transitive","upload/upload/npm-bom","H:0 M:0 L:0","MIT",No,"preset-env@7.29.7"
"plugin-transform-export-namespace-from@7.29.7","npm - transitive","upload/upload/npm-bom","H:0 M:0 L:0","MIT",No,"preset-env@7.29.7"
"plugin-transform-for-of@7.29.7","npm - transitive","upload/upload/npm-bom","H:0 M:0 L:0","MIT",No,"preset-env@7.29.7, babel-preset@0.86.0"
"plugin-transform-function-name@7.29.7","npm - transitive","upload/upload/npm-bom","H:0 M:0 L:0","MIT",No,"preset-env@7.29.7"
"plugin-transform-json-strings@7.29.7","npm - transitive","upload/upload/npm-bom","H:0 M:0 L:0","MIT",No,"preset-env@7.29.7"
"plugin-transform-literals@7.29.7","npm - transitive","upload/upload/npm-bom","H:0 M:0 L:0","MIT",No,"preset-env@7.29.7"
"plugin-transform-logical-assignment-operators@7.29.7","npm - transitive","upload/upload/npm-bom","H:0 M:0 L:0","MIT",No,"preset-env@7.29.7"
"plugin-transform-member-expression-literals@7.29.7","npm - transitive","upload/upload/npm-bom","H:0 M:0 L:0","MIT",No,"preset-env@7.29.7"
"plugin-transform-modules-amd@7.29.7","npm - transitive","upload/upload/npm-bom","H:0 M:0 L:0","MIT",No,"preset-env@7.29.7"
"plugin-transform-modules-commonjs@7.29.7","npm - transitive","upload/upload/npm-bom","H:0 M:0 L:0","MIT",No,"preset-env@7.29.7, babel-preset@0.86.0, preset-typescript@7.29.7"
"plugin-transform-modules-systemjs@7.29.7","npm - transitive","upload/upload/npm-bom","H:0 M:0 L:0","MIT",No,"preset-env@7.29.7"
"plugin-transform-modules-umd@7.29.7","npm - transitive","upload/upload/npm-bom","H:0 M:0 L:0","MIT",No,"preset-env@7.29.7"
"plugin-transform-named-capturing-groups-regex@7.29.7","npm - transitive","upload/upload/npm-bom","H:0 M:0 L:0","MIT",No,"preset-env@7.29.7, babel-preset@0.86.0"
"plugin-transform-new-target@7.29.7","npm - transitive","upload/upload/npm-bom","H:0 M:0 L:0","MIT",No,"preset-env@7.29.7"
"plugin-transform-nullish-coalescing-operator@7.29.7","npm - transitive","upload/upload/npm-bom","H:0 M:0 L:0","MIT",No,"preset-env@7.29.7, babel-preset@0.86.0, react-native-worklets@0.11.1"
"plugin-transform-numeric-separator@7.29.7","npm - transitive","upload/upload/npm-bom","H:0 M:0 L:0","MIT",No,"preset-env@7.29.7"
"plugin-transform-object-rest-spread@7.29.7","npm - transitive","upload/upload/npm-bom","H:0 M:0 L:0","MIT",No,"preset-env@7.29.7"
"plugin-transform-object-super@7.29.7","npm - transitive","upload/upload/npm-bom","H:0 M:0 L:0","MIT",No,"preset-env@7.29.7"
"plugin-transform-optional-catch-binding@7.29.7","npm - transitive","upload/upload/npm-bom","H:0 M:0 L:0","MIT",No,"preset-env@7.29.7, babel-preset@0.86.0"
"plugin-transform-optional-chaining@7.29.7","npm - transitive","upload/upload/npm-bom","H:0 M:0 L:0","MIT",No,"preset-env@7.29.7, babel-preset@0.86.0, react-native-worklets@0.11.1, plugin-bugfix-v8-spread-parameters-in-optional-chaining@7.29.7"
"plugin-transform-parameters@7.29.7","npm - transitive","upload/upload/npm-bom","H:0 M:0 L:0","MIT",No,"preset-env@7.29.7, plugin-transform-object-rest-spread@7.29.7"
"plugin-transform-private-methods@7.29.7","npm - transitive","upload/upload/npm-bom","H:0 M:0 L:0","MIT",No,"preset-env@7.29.7, babel-preset@0.86.0"
"plugin-transform-private-property-in-object@7.29.7","npm - transitive","upload/upload/npm-bom","H:0 M:0 L:0","MIT",No,"preset-env@7.29.7, babel-preset@0.86.0"
"plugin-transform-property-literals@7.29.7","npm - transitive","upload/upload/npm-bom","H:0 M:0 L:0","MIT",No,"preset-env@7.29.7"
"plugin-transform-regenerator@7.29.7","npm - transitive","upload/upload/npm-bom","H:0 M:0 L:0","MIT",No,"preset-env@7.29.7, babel-preset@0.86.0"
"plugin-transform-regexp-modifiers@7.29.7","npm - transitive","upload/upload/npm-bom","H:0 M:0 L:0","MIT",No,"preset-env@7.29.7"
"plugin-transform-reserved-words@7.29.7","npm - transitive","upload/upload/npm-bom","H:0 M:0 L:0","MIT",No,"preset-env@7.29.7"
"plugin-transform-shorthand-properties@7.29.7","npm - transitive","upload/upload/npm-bom","H:0 M:0 L:0","MIT",No,"preset-env@7.29.7, react-native-worklets@0.11.1"
"plugin-transform-spread@7.29.7","npm - transitive","upload/upload/npm-bom","H:0 M:0 L:0","MIT",No,"preset-env@7.29.7"
"plugin-transform-sticky-regex@7.29.7","npm - transitive","upload/upload/npm-bom","H:0 M:0 L:0","MIT",No,"preset-env@7.29.7"
"plugin-transform-template-literals@7.29.7","npm - transitive","upload/upload/npm-bom","H:0 M:0 L:0","MIT",No,"preset-env@7.29.7, react-native-worklets@0.11.1"
"plugin-transform-typeof-symbol@7.29.7","npm - transitive","upload/upload/npm-bom","H:0 M:0 L:0","MIT",No,"preset-env@7.29.7"
"plugin-transform-unicode-escapes@7.29.7","npm - transitive","upload/upload/npm-bom","H:0 M:0 L:0","MIT",No,"preset-env@7.29.7"
"plugin-transform-unicode-property-regex@7.29.7","npm - transitive","upload/upload/npm-bom","H:0 M:0 L:0","MIT",No,"preset-env@7.29.7"
"plugin-transform-unicode-regex@7.29.7","npm - transitive","upload/upload/npm-bom","H:0 M:0 L:0","MIT",No,"preset-env@7.29.7, babel-preset@0.86.0, react-native-worklets@0.11.1"
"plugin-transform-unicode-sets-regex@7.29.7","npm - transitive","upload/upload/npm-bom","H:0 M:0 L:0","MIT",No,"preset-env@7.29.7"
"preset-modules@0.1.6-no-external-plugins","npm - transitive","upload/upload/npm-bom","H:0 M:0 L:0","MIT",No,"preset-env@7.29.7"
"babel-plugin-polyfill-corejs2@0.4.17","npm - transitive","upload/upload/npm-bom","H:0 M:0 L:0","MIT",No,"preset-env@7.29.7, plugin-transform-runtime@7.29.7"
"babel-plugin-polyfill-corejs3@0.14.2","npm - transitive","upload/upload/npm-bom","H:0 M:0 L:0","MIT",No,"preset-env@7.29.7"
"babel-plugin-polyfill-regenerator@0.6.8","npm - transitive","upload/upload/npm-bom","H:0 M:0 L:0","MIT",No,"preset-env@7.29.7, plugin-transform-runtime@7.29.7"
"core-js-compat@3.49.0","npm - transitive","upload/upload/npm-bom","H:0 M:0 L:0","MIT",No,"preset-env@7.29.7, babel-plugin-polyfill-corejs3@0.14.2"
"cyclonedx-library@10.1.0","npm - transitive","upload/upload/npm-bom","H:0 M:0 L:0","Apache-2.0",No,"cyclonedx-npm@6.0.0"
"ajv-formats-draft2019@1.6.1","npm - transitive","upload/upload/npm-bom","H:0 M:0 L:0","MIT",No,"cyclonedx-npm@6.0.0, cyclonedx-library@10.1.0"
"ajv-formats@3.0.1","npm - transitive","upload/upload/npm-bom","H:0 M:0 L:0","MIT",No,"cyclonedx-npm@6.0.0, cyclonedx-library@10.1.0"
"ajv@8.20.0","npm - transitive","upload/upload/npm-bom","H:0 M:0 L:0","MIT",No,"cyclonedx-npm@6.0.0, react-native-test-app@5.4.5, cyclonedx-library@10.1.0, ajv-formats-draft2019@1.6.1, ajv-formats@3.0.1, ajv-keywords@5.1.0"
"commander@14.0.3","npm - transitive","upload/upload/npm-bom","H:0 M:0 L:0","MIT",No,"cyclonedx-npm@6.0.0"
"libxmljs2@0.37.0","npm - transitive","upload/upload/npm-bom","H:0 M:0 L:0","MIT",No,"cyclonedx-npm@6.0.0, cyclonedx-library@10.1.0"
"normalize-package-data@8.0.0","npm - transitive","upload/upload/npm-bom","H:0 M:0 L:0","BSD-2-Clause",No,"cyclonedx-npm@6.0.0"
"packageurl-js@2.0.1","npm - transitive","upload/upload/npm-bom","H:0 M:0 L:0","MIT",No,"cyclonedx-npm@6.0.0, cyclonedx-library@10.1.0"
"spdx-expression-parse@4.0.0","npm - transitive","upload/upload/npm-bom","H:0 M:0 L:0","MIT",No,"cyclonedx-npm@6.0.0, cyclonedx-library@10.1.0, third-party-notices@3.0.0"
"xmlbuilder2@4.0.3","npm - transitive","upload/upload/npm-bom","H:0 M:0 L:0","MIT",No,"cyclonedx-npm@6.0.0, cyclonedx-library@10.1.0"
"idb@8.0.3","npm - transitive","upload/upload/npm-bom","H:0 M:0 L:0","ISC",No,"async-storage@3.1.1"
"cli-config-android@20.1.0","npm - transitive","upload/upload/npm-bom","H:0 M:0 L:0","MIT",No,"cli-platform-android@20.1.0"
"cli-tools@20.1.0","npm - transitive","upload/upload/npm-bom","H:0 M:0 L:0","MIT",No,"cli-platform-android@20.1.0, cli@20.1.0, cli-config-android@20.1.0, cli-platform-apple@20.1.0, cli-clean@20.1.0, cli-config@20.1.0, cli-doctor@20.1.0, cli-server-api@20.1.0, cli-config-apple@20.1.0"
"execa@5.1.1","npm - transitive","upload/upload/npm-bom","H:0 M:0 L:0","MIT",No,"cli-platform-android@20.1.0, cli@20.1.0, cli-tools@20.1.0, cli-platform-apple@20.1.0, cli-clean@20.1.0, cli-doctor@20.1.0, cli-config-apple@20.1.0, jest-changed-files@29.7.0"
"logkitty@0.7.1","npm - transitive","upload/upload/npm-bom","H:0 M:0 L:0","MIT",No,"cli-platform-android@20.1.0"
"picocolors@1.1.1","npm - transitive","upload/upload/npm-bom","H:0 M:0 L:0","ISC",No,"cli-platform-android@20.1.0, cli@20.1.0, code-frame@7.29.7, cli-config-android@20.1.0, cli-tools@20.1.0, cli-platform-apple@20.1.0, cli-clean@20.1.0, cli-config@20.1.0, cli-doctor@20.1.0, launch-editor@2.14.1, cli-config-apple@20.1.0, update-browserslist-db@1.2.3"
"cli-platform-apple@20.1.0","npm - transitive","upload/upload/npm-bom","H:0 M:0 L:0","MIT",No,"cli-platform-ios@20.1.0, cli-doctor@20.1.0"
"cli-clean@20.1.0","npm - transitive","upload/upload/npm-bom","H:0 M:0 L:0","MIT",No,"cli@20.1.0"
"cli-config@20.1.0","npm - transitive","upload/upload/npm-bom","H:0 M:0 L:0","MIT",No,"cli@20.1.0, cli-doctor@20.1.0"
"cli-doctor@20.1.0","npm - transitive","upload/upload/npm-bom","H:0 M:0 L:0","MIT",No,"cli@20.1.0"
"cli-server-api@20.1.0","npm - transitive","upload/upload/npm-bom","H:0 M:0 L:0","MIT",No,"cli@20.1.0"
"deepmerge@4.3.1","npm - transitive","upload/upload/npm-bom","H:0 M:0 L:0","MIT",No,"cli@20.1.0, cli-config@20.1.0, cli-doctor@20.1.0, jest-config@29.7.0"
"find-up@5.0.0","npm - transitive","upload/upload/npm-bom","H:0 M:0 L:0","MIT",No,"cli@20.1.0, babel-loader@10.1.1, eslint@8.57.1, cli-tools@20.1.0, tools-workspaces@0.2.3"
"graceful-fs@4.2.11","npm - transitive","upload/upload/npm-bom","H:0 M:0 L:0","ISC",No,"cli@20.1.0, webpack@5.108.4, enhanced-resolve@5.24.3, core@29.7.0, watchpack@2.5.2, node-gyp@11.5.0, metro@0.84.4, jest-message-util@29.7.0, jest-util@29.7.0, reporters@29.7.0, transform@29.7.0, jest-config@29.7.0, jest-haste-map@29.7.0, jest-resolve@29.7.0, jest-runner@29.7.0, jest-runtime@29.7.0, jest-snapshot@29.7.0, create-jest@29.7.0, metro-file-map@0.84.4, test-sequencer@29.7.0, babel-jest@29.7.0, source-map@29.6.3"
"prompts@2.4.2","npm - transitive","upload/upload/npm-bom","H:0 M:0 L:0","MIT",No,"cli@20.1.0, react-native-test-app@5.4.5, cli-tools@20.1.0, create-jest@29.7.0"
"plugin-proposal-export-default-from@7.29.7","npm - transitive","upload/upload/npm-bom","H:0 M:0 L:0","MIT",No,"babel-preset@0.86.0"
"plugin-syntax-dynamic-import@7.8.3","npm - transitive","upload/upload/npm-bom","H:0 M:0 L:0","MIT",No,"babel-preset@0.86.0"
"plugin-syntax-export-default-from@7.29.7","npm - transitive","upload/upload/npm-bom","H:0 M:0 L:0","MIT",No,"babel-preset@0.86.0"
"plugin-syntax-nullish-coalescing-operator@7.8.3","npm - transitive","upload/upload/npm-bom","H:0 M:0 L:0","MIT",No,"babel-preset@0.86.0, babel-preset-current-node-syntax@1.2.0"
"plugin-syntax-optional-chaining@7.8.3","npm - transitive","upload/upload/npm-bom","H:0 M:0 L:0","MIT",No,"babel-preset@0.86.0, babel-preset-current-node-syntax@1.2.0"
"plugin-transform-flow-strip-types@7.29.7","npm - transitive","upload/upload/npm-bom","H:0 M:0 L:0","MIT",No,"babel-preset@0.86.0"
"plugin-transform-react-display-name@7.29.7","npm - transitive","upload/upload/npm-bom","H:0 M:0 L:0","MIT",No,"babel-preset@0.86.0"
"plugin-transform-react-jsx-self@7.29.7","npm - transitive","upload/upload/npm-bom","H:0 M:0 L:0","MIT",No,"babel-preset@0.86.0"
"plugin-transform-react-jsx-source@7.29.7","npm - transitive","upload/upload/npm-bom","H:0 M:0 L:0","MIT",No,"babel-preset@0.86.0"
"plugin-transform-react-jsx@7.29.7","npm - transitive","upload/upload/npm-bom","H:0 M:0 L:0","MIT",No,"babel-preset@0.86.0"
"plugin-transform-runtime@7.29.7","npm - transitive","upload/upload/npm-bom","H:0 M:0 L:0","MIT",No,"babel-preset@0.86.0"
"plugin-transform-typescript@7.29.7","npm - transitive","upload/upload/npm-bom","H:0 M:0 L:0","MIT",No,"babel-preset@0.86.0, babel-preset-metro-react-native@4.0.0, preset-typescript@7.29.7"
"babel-plugin-codegen@0.86.0","npm - transitive","upload/upload/npm-bom","H:0 M:0 L:0","MIT",No,"babel-preset@0.86.0"
"babel-plugin-syntax-hermes-parser@0.36.0","npm - transitive","upload/upload/npm-bom","H:0 M:0 L:0","MIT",No,"babel-preset@0.86.0, react-native@0.86.0"
"babel-plugin-transform-flow-enums@0.0.2","npm - transitive","upload/upload/npm-bom","H:0 M:0 L:0","MIT",No,"babel-preset@0.86.0"
"react-refresh@0.14.2","npm - transitive","upload/upload/npm-bom","H:0 M:0 L:0","MIT",No,"babel-preset@0.86.0, react-native@0.86.0"
"eslint-parser@7.29.7","npm - transitive","upload/upload/npm-bom","H:0 M:0 L:0","MIT",No,"eslint-config@0.86.0, eslint-plugin-ft-flow@2.0.3"
"eslint-plugin@0.86.0","npm - transitive","upload/upload/npm-bom","H:0 M:0 L:0","MIT",No,"eslint-config@0.86.0"
"eslint-plugin@8.65.0","npm - transitive","upload/upload/npm-bom","H:0 M:0 L:0","MIT",No,"eslint-config@0.86.0, eslint-plugin-jest@29.15.5"
"parser@8.65.0","npm - transitive","upload/upload/npm-bom","H:0 M:0 L:0","MIT",No,"eslint-config@0.86.0, eslint-plugin@8.65.0"
"eslint-config-prettier@8.10.2","npm - transitive","upload/upload/npm-bom","H:0 M:0 L:0","MIT",No,"eslint-config@0.86.0"
"eslint-plugin-eslint-comments@3.2.0","npm - transitive","upload/upload/npm-bom","H:0 M:0 L:0","MIT",No,"eslint-config@0.86.0"
"eslint-plugin-ft-flow@2.0.3","npm - transitive","upload/upload/npm-bom","H:0 M:0 L:0","MIT",No,"eslint-config@0.86.0"
"eslint-plugin-jest@29.15.5","npm - transitive","upload/upload/npm-bom","H:0 M:0 L:0","MIT",No,"eslint-config@0.86.0"
"eslint-plugin-react-hooks@7.1.1","npm - transitive","upload/upload/npm-bom","H:0 M:0 L:0","MIT",No,"eslint-config@0.86.0"
"eslint-plugin-react-native@5.0.0","npm - transitive","upload/upload/npm-bom","H:0 M:0 L:0","MIT",No,"eslint-config@0.86.0"
"eslint-plugin-react@7.37.5","npm - transitive","upload/upload/npm-bom","H:0 M:0 L:0","MIT",No,"eslint-config@0.86.0"
"js-polyfills@0.86.0","npm - transitive","upload/upload/npm-bom","H:0 M:0 L:0","MIT",No,"metro-config@0.86.0, react-native@0.86.0"
"metro-babel-transformer@0.86.0","npm - transitive","upload/upload/npm-bom","H:0 M:0 L:0","MIT",No,"metro-config@0.86.0"
"metro-config@0.84.4","npm - transitive","upload/upload/npm-bom","H:0 M:0 L:0","MIT",No,"metro-config@0.86.0, community-cli-plugin@0.86.0, metro@0.84.4"
"metro-runtime@0.84.4","npm - transitive","upload/upload/npm-bom","H:0 M:0 L:0","MIT",No,"metro-config@0.86.0, react-native@0.86.0, metro-config@0.84.4, metro@0.84.4"
"color@4.2.3","npm - transitive","upload/upload/npm-bom","H:0 M:0 L:0","MIT",No,"bottom-tabs@7.18.13, drawer@7.13.4, elements@2.9.35, material-top-tabs@7.6.12, native-stack@7.18.5, react-native-drawer-layout@4.2.9"
"sf-symbols-typescript@2.2.0","npm - transitive","upload/upload/npm-bom","H:0 M:0 L:0","MIT",No,"bottom-tabs@7.18.13, native-stack@7.18.5"
"fast-deep-equal@3.1.3","npm - transitive","upload/upload/npm-bom","H:0 M:0 L:0","MIT",No,"devtools@7.1.10, native@7.3.13, react-navigation-plugin@1.13.0, rhf-plugin@1.13.0, tanstack-query-plugin@1.13.0, eslint@8.57.1, ajv@8.20.0, core@7.21.10, ajv-keywords@5.1.0"
"nanoid@3.3.16","npm - transitive","upload/upload/npm-bom","H:0 M:0 L:0","MIT",No,"devtools@7.1.10, native@7.3.13, core@7.21.10, routers@7.6.4"
"stacktrace-parser@0.1.11","npm - transitive","upload/upload/npm-bom","H:0 M:0 L:0","MIT",No,"devtools@7.1.10, react-native@0.86.0"
"react-native-drawer-layout@4.2.9","npm - transitive","upload/upload/npm-bom","H:0 M:0 L:0","MIT",No,"drawer@7.13.4"
"use-latest-callback@0.2.6","npm - transitive","upload/upload/npm-bom","H:0 M:0 L:0","MIT",No,"drawer@7.13.4, elements@2.9.35, native@7.3.13, react-native-paper@5.15.3, react-native-drawer-layout@4.2.9, react-native-tab-view@4.3.2, core@7.21.10"
"use-sync-external-store@1.6.0","npm - transitive","upload/upload/npm-bom","H:0 M:0 L:0","MIT",No,"elements@2.9.35, core@7.21.10, react-redux@9.3.0"
"react-native-pager-view@8.0.4","npm - transitive","upload/upload/npm-bom","H:0 M:0 L:0","MIT",No,"material-top-tabs@7.6.12, react-native-tab-view@4.3.2"
"react-native-tab-view@4.3.2","npm - transitive","upload/upload/npm-bom","H:0 M:0 L:0","MIT",No,"material-top-tabs@7.6.12"
"warn-once@0.1.1","npm - transitive","upload/upload/npm-bom","H:0 M:0 L:0","MIT",No,"native-stack@7.18.5, react-native-screens@4.26.2"
"core@7.21.10","npm - transitive","upload/upload/npm-bom","H:0 M:0 L:0","MIT",No,"native@7.3.13, react-navigation-plugin@1.13.0"
"escape-string-regexp@4.0.0","npm - transitive","upload/upload/npm-bom","H:0 M:0 L:0","MIT",No,"native@7.3.13, eslint@8.57.1, core@7.21.10, chrome-launcher@0.15.2, chromium-edge-launcher@0.3.0"
"standard-navigation@0.0.8","npm - transitive","upload/upload/npm-bom","H:0 M:0 L:0","MIT",No,"native@7.3.13"
"console@3.0.0","npm - transitive","upload/upload/npm-bom","H:0 M:0 L:0","MIT",No,"babel-preset-metro-react-native@4.0.0, cli@2.0.2, metro-resolver-symlinks@0.3.1, config@0.9.0, metro-plugin-cyclic-dependencies-detector@3.0.0, metro-plugin-duplicates-checker@4.0.0, metro-plugin-typescript@0.6.1, metro-serializer-esbuild@0.4.1, third-party-notices@3.0.0"
"babel-plugin-const-enum@1.2.0","npm - transitive","upload/upload/npm-bom","H:0 M:0 L:0","MIT",No,"babel-preset-metro-react-native@4.0.0"
"align-deps@4.0.2","npm - transitive","upload/upload/npm-bom","H:0 M:0 L:0","MIT",No,"cli@2.0.2"
"config@0.9.0","npm - transitive","upload/upload/npm-bom","H:0 M:0 L:0","MIT",No,"cli@2.0.2"
"metro-plugin-cyclic-dependencies-detector@3.0.0","npm - transitive","upload/upload/npm-bom","H:0 M:0 L:0","MIT",No,"cli@2.0.2"
"metro-plugin-duplicates-checker@4.0.0","npm - transitive","upload/upload/npm-bom","H:0 M:0 L:0","MIT",No,"cli@2.0.2"
"metro-plugin-typescript@0.6.1","npm - transitive","upload/upload/npm-bom","H:0 M:0 L:0","MIT",No,"cli@2.0.2"
"metro-serializer-esbuild@0.4.1","npm - transitive","upload/upload/npm-bom","H:0 M:0 L:0","MIT",No,"cli@2.0.2"
"metro-serializer@2.0.3","npm - transitive","upload/upload/npm-bom","H:0 M:0 L:0","MIT",No,"cli@2.0.2"
"third-party-notices@3.0.0","npm - transitive","upload/upload/npm-bom","H:0 M:0 L:0","MIT",No,"cli@2.0.2"
"tools-android@0.2.2","npm - transitive","upload/upload/npm-bom","H:0 M:0 L:0","MIT",No,"cli@2.0.2"
"tools-apple@0.2.3","npm - transitive","upload/upload/npm-bom","H:0 M:0 L:0","MIT",No,"cli@2.0.2"
"tools-filesystem@0.2.0","npm - transitive","upload/upload/npm-bom","H:0 M:0 L:0","MIT",No,"cli@2.0.2, tools-react-native@2.3.8"
"tools-language@3.0.1","npm - transitive","upload/upload/npm-bom","H:0 M:0 L:0","MIT",No,"cli@2.0.2"
"tools-node@3.0.5","npm - transitive","upload/upload/npm-bom","H:0 M:0 L:0","MIT",No,"cli@2.0.2, metro-config@2.2.4, metro-resolver-symlinks@0.3.1, config@0.9.0, metro-plugin-cyclic-dependencies-detector@3.0.0, metro-plugin-duplicates-checker@4.0.0, metro-plugin-typescript@0.6.1, metro-serializer-esbuild@0.4.1, third-party-notices@3.0.0, tools-react-native@2.3.8, tools-packages@0.1.3, typescript-service@2.0.3"
"tools-react-native@2.3.8","npm - transitive","upload/upload/npm-bom","H:0 M:0 L:0","MIT",No,"cli@2.0.2, metro-config@2.2.4, metro-resolver-symlinks@0.3.1, react-native-test-app@5.4.5, metro-plugin-typescript@0.6.1, metro-serializer-esbuild@0.4.1, metro-serializer@2.0.3"
"types-bundle-config@1.0.0","npm - transitive","upload/upload/npm-bom","H:0 M:0 L:0","MIT",No,"cli@2.0.2, config@0.9.0, metro-plugin-typescript@0.6.1, tools-react-native@2.3.8, types-kit-config@1.0.0"
"types-kit-config@1.0.0","npm - transitive","upload/upload/npm-bom","H:0 M:0 L:0","MIT",No,"cli@2.0.2, align-deps@4.0.2, config@0.9.0, types-node@1.0.0"
"types-node@1.0.0","npm - transitive","upload/upload/npm-bom","H:0 M:0 L:0","MIT",No,"cli@2.0.2, align-deps@4.0.2, config@0.9.0, tools-node@3.0.5, tools-packages@0.1.3"
"ora@5.4.1","npm - transitive","upload/upload/npm-bom","H:0 M:0 L:0","MIT",No,"cli@2.0.2, cli-tools@20.1.0, cli-doctor@20.1.0"
"qrcode@1.5.4","npm - transitive","upload/upload/npm-bom","H:0 M:0 L:0","MIT",No,"cli@2.0.2"
"tools-workspaces@0.2.3","npm - transitive","upload/upload/npm-bom","H:0 M:0 L:0","MIT",No,"metro-config@2.2.4, tools-packages@0.1.3"
"enhanced-resolve@5.24.3","npm - transitive","upload/upload/npm-bom","H:0 M:0 L:0","MIT",No,"metro-resolver-symlinks@0.3.1, webpack@5.108.4"
"agent-bridge@1.13.0","npm - transitive","upload/upload/npm-bom","H:0 M:0 L:0","MIT",No,"controls-plugin@1.13.0, file-system-plugin@1.13.0, mmkv-plugin@1.13.0, network-activity-plugin@1.13.0, react-navigation-plugin@1.13.0, redux-devtools-plugin@1.13.0, sqlite-plugin@1.13.0, storage-plugin@1.13.0, tanstack-query-plugin@1.13.0"
"agent-shared@1.13.0","npm - transitive","upload/upload/npm-bom","H:0 M:0 L:0","MIT",No,"controls-plugin@1.13.0, file-system-plugin@1.13.0, mmkv-plugin@1.13.0, network-activity-plugin@1.13.0, react-navigation-plugin@1.13.0, redux-devtools-plugin@1.13.0, storage-plugin@1.13.0, tanstack-query-plugin@1.13.0, agent-bridge@1.13.0, middleware@1.13.0"
"plugin-bridge@1.13.0","npm - transitive","upload/upload/npm-bom","H:0 M:0 L:0","MIT",No,"controls-plugin@1.13.0, file-system-plugin@1.13.0, mmkv-plugin@1.13.0, network-activity-plugin@1.13.0, overlay-plugin@1.13.0, performance-monitor-plugin@1.13.0, react-navigation-plugin@1.13.0, redux-devtools-plugin@1.13.0, require-profiler-plugin@1.13.0, rhf-plugin@1.13.0, sqlite-plugin@1.13.0, storage-plugin@1.13.0, tanstack-query-plugin@1.13.0, agent-bridge@1.13.0"
"middleware@1.13.0","npm - transitive","upload/upload/npm-bom","H:0 M:0 L:0","MIT",No,"metro@1.13.0, web@1.13.0"
"tools@1.13.0","npm - transitive","upload/upload/npm-bom","H:0 M:0 L:0","MIT",No,"metro@1.13.0, redux-devtools-plugin@1.13.0, require-profiler-plugin@1.13.0, web@1.13.0, middleware@1.13.0"
"tslib@2.8.1","npm - transitive","upload/upload/npm-bom","H:0 M:0 L:0","0BSD",No,"metro@1.13.0, web@1.13.0, agent-bridge@1.13.0, agent-shared@1.13.0, plugin-bridge@1.13.0, middleware@1.13.0, runtime@1.13.0"
"nanoevents@9.1.0","npm - transitive","upload/upload/npm-bom","H:0 M:0 L:0","MIT",No,"mmkv-plugin@1.13.0, network-activity-plugin@1.13.0, require-profiler-plugin@1.13.0"
"react-native-mmkv@4.3.2","npm - transitive","upload/upload/npm-bom","H:0 M:0 L:0","MIT",No,"mmkv-plugin@1.13.0, storage-plugin@1.13.0"
"react-native-performance@6.0.0","npm - transitive","upload/upload/npm-bom","H:0 M:0 L:0","MIT",No,"performance-monitor-plugin@1.13.0"
"instrument@2.2.0","npm - transitive","upload/upload/npm-bom","H:0 M:0 L:0","MIT",No,"redux-devtools-plugin@1.13.0, core@4.1.1"
"utils@3.1.1","npm - transitive","upload/upload/npm-bom","H:0 M:0 L:0","MIT",No,"redux-devtools-plugin@1.13.0"
"jsan@3.1.14","npm - transitive","upload/upload/npm-bom","H:0 M:0 L:0","MIT",No,"redux-devtools-plugin@1.13.0, utils@3.1.1, serialize@0.4.2"
"lodash@4.18.1","npm - transitive","upload/upload/npm-bom","H:0 M:0 L:0","MIT",No,"rhf-plugin@1.13.0, eslint-plugin-ft-flow@2.0.3, instrument@2.2.0"
"react-hook-form@7.83.0","npm - transitive","upload/upload/npm-bom","H:0 M:0 L:0","MIT",No,"rhf-plugin@1.13.0"
"react-query@5.101.4","npm - transitive","upload/upload/npm-bom","H:0 M:0 L:0","MIT",No,"tanstack-query-plugin@1.13.0"
"babel-plugin-component-annotate@5.3.0","npm - transitive","upload/upload/npm-bom","H:0 M:0 L:0","MIT",No,"react-native@8.20.0"
"browser@10.67.0","npm - transitive","upload/upload/npm-bom","H:0 M:0 L:0","MIT",No,"react-native@8.20.0, react@10.67.0"
"cli@3.6.1","npm - transitive","upload/upload/npm-bom","H:0 M:0 L:0","FSL-1.1-MIT",No,"react-native@8.20.0, expo-upload-sourcemaps@8.20.0"
"core@10.67.0","npm - transitive","upload/upload/npm-bom","H:0 M:0 L:0","MIT",No,"react-native@8.20.0, browser@10.67.0, react@10.67.0, browser-utils@10.67.0, feedback@10.67.0, replay-canvas@10.67.0, replay@10.67.0"
"expo-upload-sourcemaps@8.20.0","npm - transitive","upload/upload/npm-bom","H:0 M:0 L:0","MIT",No,"react-native@8.20.0"
"react@10.67.0","npm - transitive","upload/upload/npm-bom","H:0 M:0 L:0","MIT",No,"react-native@8.20.0"
"expect@29.7.0","npm - transitive","upload/upload/npm-bom","H:0 M:0 L:0","MIT",No,"jest@29.5.14, jest-snapshot@29.7.0, jest-circus@29.7.0, globals@29.7.0, expect@29.7.0"
"csstype@3.2.3","npm - transitive","upload/upload/npm-bom","H:0 M:0 L:0","MIT",No,"react@19.2.17"
"eslint-utils@4.10.1","npm - transitive","upload/upload/npm-bom","H:0 M:0 L:0","MIT",No,"eslint@8.57.1, utils@8.65.0"
"regexpp@4.12.2","npm - transitive","upload/upload/npm-bom","H:0 M:0 L:0","MIT",No,"eslint@8.57.1, eslint-plugin@8.65.0"
"eslintrc@2.1.4","npm - transitive","upload/upload/npm-bom","H:0 M:0 L:0","MIT",No,"eslint@8.57.1"
"js@8.57.1","npm - transitive","upload/upload/npm-bom","H:0 M:0 L:0","MIT",No,"eslint@8.57.1"
"config-array@0.13.0","npm - transitive","upload/upload/npm-bom","H:0 M:0 L:0","Apache-2.0",No,"eslint@8.57.1"
"module-importer@1.0.1","npm - transitive","upload/upload/npm-bom","H:0 M:0 L:0","Apache-2.0",No,"eslint@8.57.1"
"fs.walk@1.2.8","npm - transitive","upload/upload/npm-bom","H:0 M:0 L:0","MIT",No,"eslint@8.57.1, fast-glob@3.3.3"
"structured-clone@1.3.3","npm - transitive","upload/upload/npm-bom","H:0 M:0 L:0","ISC",No,"eslint@8.57.1"
"chalk@4.1.2","npm - transitive","upload/upload/npm-bom","H:0 M:0 L:0","MIT",No,"eslint@8.57.1, ora@5.4.1, core@29.7.0, types@29.6.3, jest-cli@29.7.0, jest-validate@29.7.0, log-symbols@4.1.0, jest-matcher-utils@29.7.0, jest-message-util@29.7.0, jest-util@29.7.0, console@29.7.0, reporters@29.7.0, transform@29.7.0, jest-config@29.7.0, jest-resolve@29.7.0, jest-runner@29.7.0, jest-runtime@29.7.0, jest-snapshot@29.7.0, jest-watcher@29.7.0, create-jest@29.7.0, jest-diff@29.7.0, babel-jest@29.7.0, jest-circus@29.7.0, jest-each@29.7.0"
"cross-spawn@7.0.6","npm - transitive","upload/upload/npm-bom","H:0 M:0 L:0","MIT",No,"eslint@8.57.1, execa@5.1.1, debugger-shell@0.86.0, foreground-child@3.3.1"
"doctrine@3.0.0","npm - transitive","upload/upload/npm-bom","H:0 M:0 L:0","Apache-2.0",No,"eslint@8.57.1"
"espree@9.6.1","npm - transitive","upload/upload/npm-bom","H:0 M:0 L:0","BSD-2-Clause",No,"eslint@8.57.1, eslintrc@2.1.4"
"esquery@1.7.0","npm - transitive","upload/upload/npm-bom","H:0 M:0 L:0","BSD-3-Clause",No,"eslint@8.57.1"
"esutils@2.0.3","npm - transitive","upload/upload/npm-bom","H:0 M:0 L:0","BSD-2-Clause",No,"eslint@8.57.1, preset-modules@0.1.6-no-external-plugins, doctrine@3.0.0"
"file-entry-cache@6.0.1","npm - transitive","upload/upload/npm-bom","H:0 M:0 L:0","MIT",No,"eslint@8.57.1"
"glob-parent@6.0.2","npm - transitive","upload/upload/npm-bom","H:0 M:0 L:0","ISC",No,"eslint@8.57.1"
"globals@13.24.0","npm - transitive","upload/upload/npm-bom","H:0 M:0 L:0","MIT",No,"eslint@8.57.1, eslintrc@2.1.4"
"graphemer@1.4.0","npm - transitive","upload/upload/npm-bom","H:0 M:0 L:0","MIT",No,"eslint@8.57.1"
"imurmurhash@0.1.4","npm - transitive","upload/upload/npm-bom","H:0 M:0 L:0","MIT",No,"eslint@8.57.1, write-file-atomic@4.0.2, unique-slug@5.0.0"
"is-glob@4.0.3","npm - transitive","upload/upload/npm-bom","H:0 M:0 L:0","MIT",No,"eslint@8.57.1, glob-parent@6.0.2"
"is-path-inside@3.0.3","npm - transitive","upload/upload/npm-bom","H:0 M:0 L:0","MIT",No,"eslint@8.57.1"
"js-yaml@4.3.0","npm - transitive","upload/upload/npm-bom","H:0 M:0 L:0","MIT",No,"eslint@8.57.1, xmlbuilder2@4.0.3, eslintrc@2.1.4, cosmiconfig@9.0.2, read-yaml-file@2.1.0"
"json-stable-stringify-without-jsonify@1.0.1","npm - transitive","upload/upload/npm-bom","H:0 M:0 L:0","MIT",No,"eslint@8.57.1"
"levn@0.4.1","npm - transitive","upload/upload/npm-bom","H:0 M:0 L:0","MIT",No,"eslint@8.57.1, optionator@0.9.4"
"lodash.merge@4.6.2","npm - transitive","upload/upload/npm-bom","H:0 M:0 L:0","MIT",No,"eslint@8.57.1, config@0.9.0"
"natural-compare@1.4.0","npm - transitive","upload/upload/npm-bom","H:0 M:0 L:0","MIT",No,"eslint@8.57.1, eslint-plugin@8.65.0, jest-snapshot@29.7.0"
"optionator@0.9.4","npm - transitive","upload/upload/npm-bom","H:0 M:0 L:0","MIT",No,"eslint@8.57.1"
"strip-ansi@6.0.1","npm - transitive","upload/upload/npm-bom","H:0 M:0 L:0","MIT",No,"eslint@8.57.1, ora@5.4.1, core@29.7.0, reporters@29.7.0, cliui@8.0.1, string-width@4.2.3, string-length@4.0.2, wrap-ansi@7.0.0, cliui@8.0.2"
"text-table@0.2.0","npm - transitive","upload/upload/npm-bom","H:0 M:0 L:0","MIT",No,"eslint@8.57.1"
"core@29.7.0","npm - transitive","upload/upload/npm-bom","H:0 M:0 L:0","MIT",No,"jest@29.7.0, jest-cli@29.7.0"
"types@29.6.3","npm - transitive","upload/upload/npm-bom","H:0 M:0 L:0","MIT",No,"jest@29.7.0, core@29.7.0, jest-cli@29.7.0, jest-validate@29.7.0, jest-message-util@29.7.0, jest-util@29.7.0, console@29.7.0, reporters@29.7.0, test-result@29.7.0, transform@29.7.0, jest-config@29.7.0, jest-haste-map@29.7.0, jest-runner@29.7.0, jest-runtime@29.7.0, jest-snapshot@29.7.0, jest-watcher@29.7.0, create-jest@29.7.0, jest-circus@29.7.0, jest-environment-node@29.7.0, environment@29.7.0, fake-timers@29.7.0, globals@29.7.0, jest-mock@29.7.0, jest-each@29.7.0"
"import-local@3.2.0","npm - transitive","upload/upload/npm-bom","H:0 M:0 L:0","MIT",No,"jest@29.7.0, jest-cli@29.7.0"
"jest-cli@29.7.0","npm - transitive","upload/upload/npm-bom","H:0 M:0 L:0","MIT",No,"jest@29.7.0"
"invariant@2.2.4","npm - transitive","upload/upload/npm-bom","H:0 M:0 L:0","MIT",No,"react-native-gesture-handler@3.1.0, react-native@0.86.0, codegen@0.86.0, community-cli-plugin@0.86.0, virtualized-lists@0.86.0, metro-source-map@0.84.4, metro@0.84.4, dev-middleware@0.86.0, metro-symbolicate@0.84.4, metro-file-map@0.84.4"
"web-streams-polyfill@4.3.0","npm - transitive","upload/upload/npm-bom","H:0 M:0 L:0","MIT",No,"react-native-nitro-fetch@1.5.3"
"react-theme-provider@3.0.9","npm - transitive","upload/upload/npm-bom","H:0 M:0 L:0","MIT",No,"react-native-paper@5.15.3"
"react-native-is-edge-to-edge@1.3.1","npm - transitive","upload/upload/npm-bom","H:0 M:0 L:0","MIT",No,"react-native-reanimated@4.5.3"
"react-freeze@1.0.4","npm - transitive","upload/upload/npm-bom","H:0 M:0 L:0","MIT",No,"react-native-screens@4.26.2"
"css-select@5.2.2","npm - transitive","upload/upload/npm-bom","H:0 M:0 L:0","BSD-2-Clause",No,"react-native-svg@15.15.5"
"css-tree@1.1.3","npm - transitive","upload/upload/npm-bom","H:0 M:0 L:0","MIT",No,"react-native-svg@15.15.5"
"react-native-host@0.5.21","npm - transitive","upload/upload/npm-bom","H:0 M:0 L:0","MIT",No,"react-native-test-app@5.4.5"
"fast-xml-builder@1.3.0","npm - transitive","upload/upload/npm-bom","H:0 M:0 L:0","MIT",No,"react-native-test-app@5.4.5"
"preset-typescript@7.29.7","npm - transitive","upload/upload/npm-bom","H:0 M:0 L:0","MIT",No,"react-native-worklets@0.11.1"
"assets-registry@0.86.0","npm - transitive","upload/upload/npm-bom","H:0 M:0 L:0","MIT",No,"react-native@0.86.0"
"codegen@0.86.0","npm - transitive","upload/upload/npm-bom","H:0 M:0 L:0","MIT",No,"react-native@0.86.0, babel-plugin-codegen@0.86.0"
"community-cli-plugin@0.86.0","npm - transitive","upload/upload/npm-bom","H:0 M:0 L:0","MIT",No,"react-native@0.86.0"
"gradle-plugin@0.86.0","npm - transitive","upload/upload/npm-bom","H:0 M:0 L:0","MIT",No,"react-native@0.86.0"
"normalize-colors@0.86.0","npm - transitive","upload/upload/npm-bom","H:0 M:0 L:0","MIT",No,"react-native@0.86.0"
"virtualized-lists@0.86.0","npm - transitive","upload/upload/npm-bom","H:0 M:0 L:0","MIT",No,"react-native@0.86.0"
"abort-controller@3.0.0","npm - transitive","upload/upload/npm-bom","H:0 M:0 L:0","MIT",No,"react-native@0.86.0"
"anser@1.4.10","npm - transitive","upload/upload/npm-bom","H:0 M:0 L:0","MIT",No,"react-native@0.86.0"
"ansi-regex@5.0.1","npm - transitive","upload/upload/npm-bom","H:0 M:0 L:0","MIT",No,"react-native@0.86.0, strip-ansi@6.0.1"
"base64-js@1.5.1","npm - transitive","upload/upload/npm-bom","H:0 M:0 L:0","MIT",No,"react-native@0.86.0, plist@3.1.1, buffer@5.7.1"
"flow-enums-runtime@0.0.6","npm - transitive","upload/upload/npm-bom","H:0 M:0 L:0","MIT",No,"react-native@0.86.0, metro-config@0.84.4, metro-runtime@0.84.4, metro-source-map@0.84.4, metro-cache@0.84.4, metro-core@0.84.4, metro@0.84.4, metro-symbolicate@0.84.4, ob1@0.84.4, metro-resolver@0.84.4, metro-babel-transformer@0.84.4, metro-cache-key@0.84.4, metro-file-map@0.84.4, metro-transform-plugins@0.84.4, metro-transform-worker@0.84.4, metro-minify-terser@0.84.4"
"hermes-compiler@250829098.0.14","npm - transitive","upload/upload/npm-bom","H:0 M:0 L:0","MIT",No,"react-native@0.86.0"
"memoize-one@5.2.1","npm - transitive","upload/upload/npm-bom","H:0 M:0 L:0","MIT",No,"react-native@0.86.0"
"metro-source-map@0.84.4","npm - transitive","upload/upload/npm-bom","H:0 M:0 L:0","MIT",No,"react-native@0.86.0, metro@0.84.4, metro-symbolicate@0.84.4, metro-transform-worker@0.84.4"
"nullthrows@1.1.1","npm - transitive","upload/upload/npm-bom","H:0 M:0 L:0","MIT",No,"react-native@0.86.0, metro-babel-transformer@0.86.0, codegen@0.86.0, virtualized-lists@0.86.0, metro-source-map@0.84.4, metro@0.84.4, dev-middleware@0.86.0, metro-symbolicate@0.84.4, metro-babel-transformer@0.84.4, metro-file-map@0.84.4, metro-transform-plugins@0.84.4, metro-transform-worker@0.84.4"
"promise@8.3.0","npm - transitive","upload/upload/npm-bom","H:0 M:0 L:0","MIT",No,"react-native@0.86.0"
"react-devtools-core@6.1.5","npm - transitive","upload/upload/npm-bom","H:0 M:0 L:0","MIT",No,"react-native@0.86.0"
"regenerator-runtime@0.13.11","npm - transitive","upload/upload/npm-bom","H:0 M:0 L:0","MIT",No,"react-native@0.86.0"
"scheduler@0.27.0","npm - transitive","upload/upload/npm-bom","H:0 M:0 L:0","MIT",No,"react-native@0.86.0, react-test-renderer@19.2.3"
"tinyglobby@0.2.17","npm - transitive","upload/upload/npm-bom","H:0 M:0 L:0","MIT",No,"react-native@0.86.0, codegen@0.86.0, node-gyp@11.5.0, typescript-estree@8.65.0"
"whatwg-fetch@3.6.20","npm - transitive","upload/upload/npm-bom","H:0 M:0 L:0","MIT",No,"react-native@0.86.0"
"yargs@17.7.3","npm - transitive","upload/upload/npm-bom","H:0 M:0 L:0","MIT",No,"react-native@0.86.0, jest-cli@29.7.0, codegen@0.86.0, metro@0.84.4"
"react-is@19.2.8","npm - transitive","upload/upload/npm-bom","H:0 M:0 L:0","MIT",No,"react-test-renderer@19.2.3, core@7.21.10"
"trace-mapping@0.3.31","npm - transitive","upload/upload/npm-bom","H:0 M:0 L:0","MIT",No,"terser-webpack-plugin@5.6.1, generator@7.29.7, remapping@2.3.5, minimizer-webpack-plugin@5.6.1, gen-mapping@0.3.13, reporters@29.7.0, transform@29.7.0, source-map@0.3.11, v8-to-istanbul@9.3.0, source-map@29.6.3"
"terser@5.49.0","npm - transitive","upload/upload/npm-bom","H:0 M:0 L:0","BSD-2-Clause",No,"terser-webpack-plugin@5.6.1, minimizer-webpack-plugin@5.6.1, metro-minify-terser@0.84.4"
"estree@1.0.9","npm - transitive","upload/upload/npm-bom","H:0 M:0 L:0","MIT",No,"webpack@5.108.4"
"json-schema@7.0.15","npm - transitive","upload/upload/npm-bom","H:0 M:0 L:0","MIT",No,"webpack@5.108.4"
"ast@1.14.1","npm - transitive","upload/upload/npm-bom","H:0 M:0 L:0","MIT",No,"webpack@5.108.4, wasm-edit@1.14.1, wasm-parser@1.14.1, helper-wasm-section@1.14.1, wasm-gen@1.14.1, wasm-opt@1.14.1, wast-printer@1.14.1"
"wasm-edit@1.14.1","npm - transitive","upload/upload/npm-bom","H:0 M:0 L:0","MIT",No,"webpack@5.108.4"
"wasm-parser@1.14.1","npm - transitive","upload/upload/npm-bom","H:0 M:0 L:0","MIT",No,"webpack@5.108.4, wasm-edit@1.14.1, wasm-opt@1.14.1"
"acorn-import-phases@1.0.4","npm - transitive","upload/upload/npm-bom","H:0 M:0 L:0","MIT",No,"webpack@5.108.4"
"acorn@8.17.0","npm - transitive","upload/upload/npm-bom","H:0 M:0 L:0","MIT",No,"webpack@5.108.4, espree@9.6.1, terser@5.49.0, acorn-import-phases@1.0.4, acorn-jsx@5.3.2"
"browserslist@4.28.7","npm - transitive","upload/upload/npm-bom","H:0 M:0 L:0","MIT",No,"webpack@5.108.4, helper-compilation-targets@7.29.7, core-js-compat@3.49.0, update-browserslist-db@1.2.3"
"chrome-trace-event@1.0.4","npm - transitive","upload/upload/npm-bom","H:0 M:0 L:0","MIT",No,"webpack@5.108.4"
"es-module-lexer@2.3.1","npm - transitive","upload/upload/npm-bom","H:0 M:0 L:0","MIT",No,"webpack@5.108.4"
"eslint-scope@5.1.1","npm - transitive","upload/upload/npm-bom","H:0 M:0 L:0","BSD-2-Clause",No,"webpack@5.108.4, eslint-scope-5-internals@5.1.1-v1"
"events@3.3.0","npm - transitive","upload/upload/npm-bom","H:0 M:0 L:0","MIT",No,"webpack@5.108.4"
"loader-runner@4.3.2","npm - transitive","upload/upload/npm-bom","H:0 M:0 L:0","MIT",No,"webpack@5.108.4"
"mime-db@1.54.0","npm - transitive","upload/upload/npm-bom","H:0 M:0 L:0","MIT",No,"webpack@5.108.4, compressible@2.0.18"
"minimizer-webpack-plugin@5.6.1","npm - transitive","upload/upload/npm-bom","H:0 M:0 L:0","MIT",No,"webpack@5.108.4"
"neo-async@2.6.2","npm - transitive","upload/upload/npm-bom","H:0 M:0 L:0","MIT",No,"webpack@5.108.4"
"tapable@2.3.3","npm - transitive","upload/upload/npm-bom","H:0 M:0 L:0","MIT",No,"webpack@5.108.4, enhanced-resolve@5.24.3"
"watchpack@2.5.2","npm - transitive","upload/upload/npm-bom","H:0 M:0 L:0","MIT",No,"webpack@5.108.4"
"webpack-sources@3.5.1","npm - transitive","upload/upload/npm-bom","H:0 M:0 L:0","MIT",No,"webpack@5.108.4"
"helper-validator-identifier@7.29.7","npm - transitive","upload/upload/npm-bom","H:0 M:0 L:0","MIT",No,"code-frame@7.29.7, helper-module-transforms@7.29.7, types@7.29.7, plugin-transform-modules-systemjs@7.29.7"
"js-tokens@4.0.0","npm - transitive","upload/upload/npm-bom","H:0 M:0 L:0","MIT",No,"code-frame@7.29.7, loose-envify@1.4.0"
"gen-mapping@0.3.13","npm - transitive","upload/upload/npm-bom","H:0 M:0 L:0","MIT",No,"generator@7.29.7, remapping@2.3.5, source-map@0.3.11"
"jsesc@3.1.0","npm - transitive","upload/upload/npm-bom","H:0 M:0 L:0","MIT",No,"generator@7.29.7, regjsparser@0.13.2"
"lru-cache@5.1.1","npm - transitive","upload/upload/npm-bom","H:0 M:0 L:0","ISC",No,"helper-compilation-targets@7.29.7"
"helper-module-imports@7.29.7","npm - transitive","upload/upload/npm-bom","H:0 M:0 L:0","MIT",No,"helper-module-transforms@7.29.7, plugin-transform-async-to-generator@7.29.7, plugin-transform-react-jsx@7.29.7, plugin-transform-runtime@7.29.7"
"helper-globals@7.29.7","npm - transitive","upload/upload/npm-bom","H:0 M:0 L:0","MIT",No,"traverse@7.29.7, plugin-transform-classes@7.29.7"
"helper-string-parser@7.29.7","npm - transitive","upload/upload/npm-bom","H:0 M:0 L:0","MIT",No,"types@7.29.7"
"ms@2.1.3","npm - transitive","upload/upload/npm-bom","H:0 M:0 L:0","MIT",No,"debug@4.4.3, send@1.2.1"
"helper-skip-transparent-expression-wrappers@7.29.7","npm - transitive","upload/upload/npm-bom","H:0 M:0 L:0","MIT",No,"plugin-bugfix-safari-rest-destructuring-rhs-array@7.29.7, plugin-bugfix-v8-spread-parameters-in-optional-chaining@7.29.7, plugin-transform-for-of@7.29.7, plugin-transform-optional-chaining@7.29.7, plugin-transform-spread@7.29.7, plugin-transform-typescript@7.29.7, helper-create-class-features-plugin@7.29.7"
"helper-create-regexp-features-plugin@7.29.7","npm - transitive","upload/upload/npm-bom","H:0 M:0 L:0","MIT",No,"plugin-syntax-unicode-sets-regex@7.18.6, plugin-transform-dotall-regex@7.29.7, plugin-transform-duplicate-named-capturing-groups-regex@7.29.7, plugin-transform-named-capturing-groups-regex@7.29.7, plugin-transform-regexp-modifiers@7.29.7, plugin-transform-unicode-property-regex@7.29.7, plugin-transform-unicode-regex@7.29.7, plugin-transform-unicode-sets-regex@7.29.7"
"helper-remap-async-to-generator@7.29.7","npm - transitive","upload/upload/npm-bom","H:0 M:0 L:0","MIT",No,"plugin-transform-async-generator-functions@7.29.7, plugin-transform-async-to-generator@7.29.7"
"helper-create-class-features-plugin@7.29.7","npm - transitive","upload/upload/npm-bom","H:0 M:0 L:0","MIT",No,"plugin-transform-class-properties@7.29.7, plugin-transform-class-static-block@7.29.7, plugin-transform-private-methods@7.29.7, plugin-transform-private-property-in-object@7.29.7, plugin-transform-typescript@7.29.7"
"helper-annotate-as-pure@7.29.7","npm - transitive","upload/upload/npm-bom","H:0 M:0 L:0","MIT",No,"plugin-transform-classes@7.29.7, plugin-transform-private-property-in-object@7.29.7, plugin-transform-react-jsx@7.29.7, plugin-transform-typescript@7.29.7, helper-create-regexp-features-plugin@7.29.7, helper-remap-async-to-generator@7.29.7, helper-create-class-features-plugin@7.29.7"
"helper-replace-supers@7.29.7","npm - transitive","upload/upload/npm-bom","H:0 M:0 L:0","MIT",No,"plugin-transform-classes@7.29.7, plugin-transform-object-super@7.29.7, helper-create-class-features-plugin@7.29.7"
"helper-define-polyfill-provider@0.6.8","npm - transitive","upload/upload/npm-bom","H:0 M:0 L:0","MIT",No,"babel-plugin-polyfill-corejs2@0.4.17, babel-plugin-polyfill-corejs3@0.14.2, babel-plugin-polyfill-regenerator@0.6.8"
"punycode@2.3.1","npm - transitive","upload/upload/npm-bom","H:0 M:0 L:0","MIT",No,"ajv-formats-draft2019@1.6.1, uri-js@4.4.1"
"schemes@1.4.0","npm - transitive","upload/upload/npm-bom","H:0 M:0 L:0","MIT",No,"ajv-formats-draft2019@1.6.1"
"smtp-address-parser@1.1.0","npm - transitive","upload/upload/npm-bom","H:0 M:0 L:0","MIT",No,"ajv-formats-draft2019@1.6.1"
"uri-js@4.4.1","npm - transitive","upload/upload/npm-bom","H:0 M:0 L:0","BSD-2-Clause",No,"ajv-formats-draft2019@1.6.1"
"fast-uri@3.1.4","npm - transitive","upload/upload/npm-bom","H:0 M:0 L:0","BSD-3-Clause",No,"ajv@8.20.0"
"json-schema-traverse@1.0.0","npm - transitive","upload/upload/npm-bom","H:0 M:0 L:0","MIT",No,"ajv@8.20.0"
"require-from-string@2.0.2","npm - transitive","upload/upload/npm-bom","H:0 M:0 L:0","MIT",No,"ajv@8.20.0"
"bindings@1.5.0","npm - transitive","upload/upload/npm-bom","H:0 M:0 L:0","MIT",No,"libxmljs2@0.37.0"
"nan@2.22.2","npm - transitive","upload/upload/npm-bom","H:0 M:0 L:0","MIT",No,"libxmljs2@0.37.0"
"node-gyp@11.5.0","npm - transitive","upload/upload/npm-bom","H:0 M:0 L:0","MIT",No,"libxmljs2@0.37.0"
"prebuild-install@7.1.3","npm - transitive","upload/upload/npm-bom","H:0 M:0 L:0","MIT",No,"libxmljs2@0.37.0"
"hosted-git-info@9.0.3","npm - transitive","upload/upload/npm-bom","H:0 M:0 L:0","ISC",No,"normalize-package-data@8.0.0"
"validate-npm-package-license@3.0.4","npm - transitive","upload/upload/npm-bom","H:0 M:0 L:0","Apache-2.0",No,"normalize-package-data@8.0.0"
"spdx-exceptions@2.5.0","npm - transitive","upload/upload/npm-bom","H:0 M:0 L:0","CC-BY-3.0",No,"spdx-expression-parse@4.0.0"
"spdx-license-ids@3.0.23","npm - transitive","upload/upload/npm-bom","H:0 M:0 L:0","CC0-1.0",No,"spdx-expression-parse@4.0.0, spdx-correct@3.2.0"
"dom@2.0.2","npm - transitive","upload/upload/npm-bom","H:0 M:0 L:0","MIT",No,"xmlbuilder2@4.0.3"
"infra@2.0.2","npm - transitive","upload/upload/npm-bom","H:0 M:0 L:0","MIT",No,"xmlbuilder2@4.0.3, dom@2.0.2, url@3.0.0"
"util@10.0.0","npm - transitive","upload/upload/npm-bom","H:0 M:0 L:0","MIT",No,"xmlbuilder2@4.0.3, dom@2.0.2, infra@2.0.2, url@3.0.0"
"fast-glob@3.3.3","npm - transitive","upload/upload/npm-bom","H:0 M:0 L:0","MIT",No,"cli-config-android@20.1.0, cli-clean@20.1.0, cli-config@20.1.0, tools-workspaces@0.2.3, cli-config-apple@20.1.0"
"fast-xml-parser@4.5.7","npm - transitive","upload/upload/npm-bom","H:0 M:0 L:0","MIT",No,"cli-config-android@20.1.0, cli-platform-apple@20.1.0"
"sudo-prompt@9.3.2","npm - transitive","upload/upload/npm-bom","H:0 M:0 L:0","MIT",No,"cli-tools@20.1.0"
"appdirsjs@1.2.7","npm - transitive","upload/upload/npm-bom","H:0 M:0 L:0","MIT",No,"cli-tools@20.1.0"
"launch-editor@2.14.1","npm - transitive","upload/upload/npm-bom","H:0 M:0 L:0","MIT",No,"cli-tools@20.1.0"
"mime@2.6.0","npm - transitive","upload/upload/npm-bom","H:0 M:0 L:0","MIT",No,"cli-tools@20.1.0"
"get-stream@6.0.1","npm - transitive","upload/upload/npm-bom","H:0 M:0 L:0","MIT",No,"execa@5.1.1"
"human-signals@2.1.0","npm - transitive","upload/upload/npm-bom","H:0 M:0 L:0","Apache-2.0",No,"execa@5.1.1"
"is-stream@2.0.1","npm - transitive","upload/upload/npm-bom","H:0 M:0 L:0","MIT",No,"execa@5.1.1"
"merge-stream@2.0.0","npm - transitive","upload/upload/npm-bom","H:0 M:0 L:0","MIT",No,"execa@5.1.1, jest-worker@29.7.0"
"npm-run-path@4.0.1","npm - transitive","upload/upload/npm-bom","H:0 M:0 L:0","MIT",No,"execa@5.1.1"
"onetime@5.1.2","npm - transitive","upload/upload/npm-bom","H:0 M:0 L:0","MIT",No,"execa@5.1.1, restore-cursor@3.1.0"
"signal-exit@3.0.7","npm - transitive","upload/upload/npm-bom","H:0 M:0 L:0","ISC",No,"execa@5.1.1, restore-cursor@3.1.0, write-file-atomic@4.0.2"
"strip-final-newline@2.0.0","npm - transitive","upload/upload/npm-bom","H:0 M:0 L:0","MIT",No,"execa@5.1.1"
"ansi-fragments@0.2.1","npm - transitive","upload/upload/npm-bom","H:0 M:0 L:0","MIT",No,"logkitty@0.7.1"
"dayjs@1.11.21","npm - transitive","upload/upload/npm-bom","H:0 M:0 L:0","MIT",No,"logkitty@0.7.1"
"cli-config-apple@20.1.0","npm - transitive","upload/upload/npm-bom","H:0 M:0 L:0","MIT",No,"cli-platform-apple@20.1.0"
"cosmiconfig@9.0.2","npm - transitive","upload/upload/npm-bom","H:0 M:0 L:0","MIT",No,"cli-config@20.1.0"
"joi@17.13.4","npm - transitive","upload/upload/npm-bom","H:0 M:0 L:0","BSD-3-Clause",No,"cli-config@20.1.0"
"command-exists@1.2.9","npm - transitive","upload/upload/npm-bom","H:0 M:0 L:0","MIT",No,"cli-doctor@20.1.0"
"envinfo@7.21.0","npm - transitive","upload/upload/npm-bom","H:0 M:0 L:0","MIT",No,"cli-doctor@20.1.0"
"node-stream-zip@1.15.0","npm - transitive","upload/upload/npm-bom","H:0 M:0 L:0","MIT",No,"cli-doctor@20.1.0"
"wcwidth@1.0.1","npm - transitive","upload/upload/npm-bom","H:0 M:0 L:0","MIT",No,"cli-doctor@20.1.0, ora@5.4.1"
"yaml@2.9.0","npm - transitive","upload/upload/npm-bom","H:0 M:0 L:0","ISC",No,"cli-doctor@20.1.0, metro-config@0.84.4"
"body-parser@1.20.6","npm - transitive","upload/upload/npm-bom","H:0 M:0 L:0","MIT",No,"cli-server-api@20.1.0"
"compression@1.8.1","npm - transitive","upload/upload/npm-bom","H:0 M:0 L:0","MIT",No,"cli-server-api@20.1.0"
"connect@3.7.0","npm - transitive","upload/upload/npm-bom","H:0 M:0 L:0","MIT",No,"cli-server-api@20.1.0, metro-config@0.84.4, metro@0.84.4, dev-middleware@0.86.0"
"errorhandler@1.5.2","npm - transitive","upload/upload/npm-bom","H:0 M:0 L:0","MIT",No,"cli-server-api@20.1.0"
"nocache@3.0.4","npm - transitive","upload/upload/npm-bom","H:0 M:0 L:0","MIT",No,"cli-server-api@20.1.0"
"serve-static@1.16.3","npm - transitive","upload/upload/npm-bom","H:0 M:0 L:0","MIT",No,"cli-server-api@20.1.0, dev-middleware@0.86.0"
"locate-path@6.0.0","npm - transitive","upload/upload/npm-bom","H:0 M:0 L:0","MIT",No,"find-up@5.0.0"
"path-exists@4.0.0","npm - transitive","upload/upload/npm-bom","H:0 M:0 L:0","MIT",No,"find-up@5.0.0"
"kleur@3.0.3","npm - transitive","upload/upload/npm-bom","H:0 M:0 L:0","MIT",No,"prompts@2.4.2"
"sisteransi@1.0.5","npm - transitive","upload/upload/npm-bom","H:0 M:0 L:0","MIT",No,"prompts@2.4.2"
"plist@3.1.1","npm - transitive","upload/upload/npm-bom","H:0 M:0 L:0","MIT",No,Unknown
"plugin-syntax-flow@7.29.7","npm - transitive","upload/upload/npm-bom","H:0 M:0 L:0","MIT",No,"plugin-transform-flow-strip-types@7.29.7, babel-plugin-transform-flow-enums@0.0.2"
"plugin-syntax-jsx@7.29.7","npm - transitive","upload/upload/npm-bom","H:0 M:0 L:0","MIT",No,"plugin-transform-react-jsx@7.29.7, preset-typescript@7.29.7, jest-snapshot@29.7.0"
"plugin-syntax-typescript@7.29.7","npm - transitive","upload/upload/npm-bom","H:0 M:0 L:0","MIT",No,"plugin-transform-typescript@7.29.7, babel-plugin-const-enum@1.2.0, jest-snapshot@29.7.0"
"hermes-parser@0.36.0","npm - transitive","upload/upload/npm-bom","H:0 M:0 L:0","MIT",No,"babel-plugin-syntax-hermes-parser@0.36.0, metro-babel-transformer@0.86.0, codegen@0.86.0"
"eslint-scope-5-internals@5.1.1-v1","npm - transitive","upload/upload/npm-bom","H:0 M:0 L:0","MIT",No,"eslint-parser@7.29.7"
"eslint-visitor-keys@2.1.0","npm - transitive","upload/upload/npm-bom","H:0 M:0 L:0","Apache-2.0",No,"eslint-parser@7.29.7"
"scope-manager@8.65.0","npm - transitive","upload/upload/npm-bom","H:0 M:0 L:0","MIT",No,"eslint-plugin@8.65.0, parser@8.65.0, utils@8.65.0"
"type-utils@8.65.0","npm - transitive","upload/upload/npm-bom","H:0 M:0 L:0","MIT",No,"eslint-plugin@8.65.0"
"utils@8.65.0","npm - transitive","upload/upload/npm-bom","H:0 M:0 L:0","MIT",No,"eslint-plugin@8.65.0, eslint-plugin-jest@29.15.5, type-utils@8.65.0"
"visitor-keys@8.65.0","npm - transitive","upload/upload/npm-bom","H:0 M:0 L:0","MIT",No,"eslint-plugin@8.65.0, parser@8.65.0, scope-manager@8.65.0, typescript-estree@8.65.0"
"ignore@7.0.6","npm - transitive","upload/upload/npm-bom","H:0 M:0 L:0","MIT",No,"eslint-plugin@8.65.0"
"ts-api-utils@2.5.0","npm - transitive","upload/upload/npm-bom","H:0 M:0 L:0","MIT",No,"eslint-plugin@8.65.0, type-utils@8.65.0, typescript-estree@8.65.0"
"types@8.65.0","npm - transitive","upload/upload/npm-bom","H:0 M:0 L:0","MIT",No,"parser@8.65.0, scope-manager@8.65.0, type-utils@8.65.0, utils@8.65.0, visitor-keys@8.65.0, typescript-estree@8.65.0, project-service@8.65.0"
"typescript-estree@8.65.0","npm - transitive","upload/upload/npm-bom","H:0 M:0 L:0","MIT",No,"parser@8.65.0, type-utils@8.65.0, utils@8.65.0"
"string-natural-compare@3.0.1","npm - transitive","upload/upload/npm-bom","H:0 M:0 L:0","MIT",No,"eslint-plugin-ft-flow@2.0.3"
"zod-validation-error@4.0.2","npm - transitive","upload/upload/npm-bom","H:0 M:0 L:0","MIT",No,"eslint-plugin-react-hooks@7.1.1"
"zod@4.4.3","npm - transitive","upload/upload/npm-bom","H:0 M:0 L:0","MIT",No,"eslint-plugin-react-hooks@7.1.1, zod-validation-error@4.0.2"
"eslint-plugin-react-native-globals@0.1.2","npm - transitive","upload/upload/npm-bom","H:0 M:0 L:0","MIT",No,"eslint-plugin-react-native@5.0.0"
"array-includes@3.1.9","npm - transitive","upload/upload/npm-bom","H:0 M:0 L:0","MIT",No,"eslint-plugin-react@7.37.5, jsx-ast-utils@3.3.5"
"array.prototype.findlast@1.2.5","npm - transitive","upload/upload/npm-bom","H:0 M:0 L:0","MIT",No,"eslint-plugin-react@7.37.5"
"array.prototype.flatmap@1.3.3","npm - transitive","upload/upload/npm-bom","H:0 M:0 L:0","MIT",No,"eslint-plugin-react@7.37.5, node-exports-info@1.6.2"
"array.prototype.tosorted@1.1.4","npm - transitive","upload/upload/npm-bom","H:0 M:0 L:0","MIT",No,"eslint-plugin-react@7.37.5"
"es-iterator-helpers@1.4.0","npm - transitive","upload/upload/npm-bom","H:0 M:0 L:0","MIT",No,"eslint-plugin-react@7.37.5"
"estraverse@5.3.0","npm - transitive","upload/upload/npm-bom","H:0 M:0 L:0","BSD-2-Clause",No,"eslint-plugin-react@7.37.5, esquery@1.7.0, esrecurse@4.3.0"
"hasown@2.0.4","npm - transitive","upload/upload/npm-bom","H:0 M:0 L:0","MIT",No,"eslint-plugin-react@7.37.5, es-abstract@1.24.2, get-intrinsic@1.3.0, es-shim-unscopables@1.1.0, es-set-tostringtag@2.1.0, internal-slot@1.1.0, is-core-module@2.16.2, function.prototype.name@1.2.0, is-regex@1.2.1"
"jsx-ast-utils@3.3.5","npm - transitive","upload/upload/npm-bom","H:0 M:0 L:0","MIT",No,"eslint-plugin-react@7.37.5"
"object.entries@1.1.9","npm - transitive","upload/upload/npm-bom","H:0 M:0 L:0","MIT",No,"eslint-plugin-react@7.37.5, node-exports-info@1.6.2"
"object.fromentries@2.0.8","npm - transitive","upload/upload/npm-bom","H:0 M:0 L:0","MIT",No,"eslint-plugin-react@7.37.5"
"object.values@1.2.1","npm - transitive","upload/upload/npm-bom","H:0 M:0 L:0","MIT",No,"eslint-plugin-react@7.37.5, jsx-ast-utils@3.3.5"
"prop-types@15.8.1","npm - transitive","upload/upload/npm-bom","H:0 M:0 L:0","MIT",No,"eslint-plugin-react@7.37.5"
"string.prototype.matchall@4.0.12","npm - transitive","upload/upload/npm-bom","H:0 M:0 L:0","MIT",No,"eslint-plugin-react@7.37.5"
"string.prototype.repeat@1.0.0","npm - transitive","upload/upload/npm-bom","H:0 M:0 L:0","MIT",No,"eslint-plugin-react@7.37.5"
"jest-validate@29.7.0","npm - transitive","upload/upload/npm-bom","H:0 M:0 L:0","MIT",No,"metro-config@0.84.4, core@29.7.0, jest-cli@29.7.0, jest-config@29.7.0, jest-resolve@29.7.0"
"metro-cache@0.84.4","npm - transitive","upload/upload/npm-bom","H:0 M:0 L:0","MIT",No,"metro-config@0.84.4, metro@0.84.4, metro-transform-worker@0.84.4"
"metro-core@0.84.4","npm - transitive","upload/upload/npm-bom","H:0 M:0 L:0","MIT",No,"metro-config@0.84.4, community-cli-plugin@0.86.0, metro-cache@0.84.4, metro@0.84.4"
"metro@0.84.4","npm - transitive","upload/upload/npm-bom","H:0 M:0 L:0","MIT",No,"metro-config@0.84.4, types-bundle-config@1.0.0, community-cli-plugin@0.86.0, metro-transform-worker@0.84.4"
"color-convert@2.0.1","npm - transitive","upload/upload/npm-bom","H:0 M:0 L:0","MIT",No,"color@4.2.3, ansi-styles@4.3.0"
"color-string@1.9.1","npm - transitive","upload/upload/npm-bom","H:0 M:0 L:0","MIT",No,"color@4.2.3"
"routers@7.6.4","npm - transitive","upload/upload/npm-bom","H:0 M:0 L:0","MIT",No,"core@7.21.10"
"query-string@7.1.3","npm - transitive","upload/upload/npm-bom","H:0 M:0 L:0","MIT",No,"core@7.21.10"
"tools-packages@0.1.3","npm - transitive","upload/upload/npm-bom","H:0 M:0 L:0","MIT",No,"config@0.9.0"
"types-plugin-cyclic-dependencies@1.0.0","npm - transitive","upload/upload/npm-bom","H:0 M:0 L:0","MIT",No,"metro-plugin-cyclic-dependencies-detector@3.0.0, types-bundle-config@1.0.0"
"types-plugin-duplicates-checker@1.0.0","npm - transitive","upload/upload/npm-bom","H:0 M:0 L:0","MIT",No,"metro-plugin-duplicates-checker@4.0.0, types-bundle-config@1.0.0"
"types-plugin-typescript@1.0.0","npm - transitive","upload/upload/npm-bom","H:0 M:0 L:0","MIT",No,"metro-plugin-typescript@0.6.1, types-bundle-config@1.0.0"
"typescript-service@2.0.3","npm - transitive","upload/upload/npm-bom","H:0 M:0 L:0","MIT",No,"metro-plugin-typescript@0.6.1"
"types-metro-serializer-esbuild@1.0.2","npm - transitive","upload/upload/npm-bom","H:0 M:0 L:0","MIT",No,"metro-serializer-esbuild@0.4.1, types-bundle-config@1.0.0"
"esbuild-plugin-lodash@1.2.0","npm - transitive","upload/upload/npm-bom","H:0 M:0 L:0","MIT",No,"metro-serializer-esbuild@0.4.1"
"esbuild@0.28.1","npm - transitive","upload/upload/npm-bom","H:0 M:0 L:0","MIT",No,"metro-serializer-esbuild@0.4.1"
"node-fetch@2.7.0","npm - transitive","upload/upload/npm-bom","H:0 M:0 L:0","MIT",No,Unknown
"tools-shell@0.2.2","npm - transitive","upload/upload/npm-bom","H:0 M:0 L:0","MIT",No,"tools-android@0.2.2, tools-apple@0.2.3"
"bl@4.1.0","npm - transitive","upload/upload/npm-bom","H:0 M:0 L:0","MIT",No,"ora@5.4.1, tar-stream@2.2.0"
"cli-cursor@3.1.0","npm - transitive","upload/upload/npm-bom","H:0 M:0 L:0","MIT",No,"ora@5.4.1"
"cli-spinners@2.9.2","npm - transitive","upload/upload/npm-bom","H:0 M:0 L:0","MIT",No,"ora@5.4.1"
"is-interactive@1.0.0","npm - transitive","upload/upload/npm-bom","H:0 M:0 L:0","MIT",No,"ora@5.4.1"
"is-unicode-supported@0.1.0","npm - transitive","upload/upload/npm-bom","H:0 M:0 L:0","MIT",No,"ora@5.4.1, log-symbols@4.1.0"
"log-symbols@4.1.0","npm - transitive","upload/upload/npm-bom","H:0 M:0 L:0","MIT",No,"ora@5.4.1"
"dijkstrajs@1.0.3","npm - transitive","upload/upload/npm-bom","H:0 M:0 L:0","MIT",No,"qrcode@1.5.4"
"pngjs@5.0.0","npm - transitive","upload/upload/npm-bom","H:0 M:0 L:0","MIT",No,"qrcode@1.5.4"
"micromatch@4.0.8","npm - transitive","upload/upload/npm-bom","H:0 M:0 L:0","MIT",No,"tools-workspaces@0.2.3, core@29.7.0, fast-glob@3.3.3, jest-message-util@29.7.0, transform@29.7.0, jest-config@29.7.0, jest-haste-map@29.7.0, metro-file-map@0.84.4"
"read-yaml-file@2.1.0","npm - transitive","upload/upload/npm-bom","H:0 M:0 L:0","MIT",No,"tools-workspaces@0.2.3"
"strip-json-comments@3.1.1","npm - transitive","upload/upload/npm-bom","H:0 M:0 L:0","MIT",No,"tools-workspaces@0.2.3, eslintrc@2.1.4, jest-config@29.7.0"
"runtime@1.13.0","npm - transitive","upload/upload/npm-bom","H:0 M:0 L:0","MIT",No,"middleware@1.13.0"
"express@5.2.1","npm - transitive","upload/upload/npm-bom","H:0 M:0 L:0","MIT",No,"middleware@1.13.0"
"ws@8.21.1","npm - transitive","upload/upload/npm-bom","H:0 M:0 L:0","MIT",No,"middleware@1.13.0"
"redux@5.0.1","npm - transitive","upload/upload/npm-bom","H:0 M:0 L:0","MIT",No,"instrument@2.2.0, utils@3.1.1, core@4.1.1, react-redux@9.3.0"
"core@4.1.1","npm - transitive","upload/upload/npm-bom","H:0 M:0 L:0","MIT",No,"utils@3.1.1"
"serialize@0.4.2","npm - transitive","upload/upload/npm-bom","H:0 M:0 L:0","MIT",No,"utils@3.1.1"
"get-params@0.1.2","npm - transitive","upload/upload/npm-bom","H:0 M:0 L:0","MIT",No,"utils@3.1.1"
"immutable@4.3.9","npm - transitive","upload/upload/npm-bom","H:0 M:0 L:0","MIT",No,"utils@3.1.1, serialize@0.4.2"
"query-core@5.101.4","npm - transitive","upload/upload/npm-bom","H:0 M:0 L:0","MIT",No,"react-query@5.101.4"
"browser-utils@10.67.0","npm - transitive","upload/upload/npm-bom","H:0 M:0 L:0","MIT",No,"browser@10.67.0, replay@10.67.0"
"conventions@0.16.0","npm - transitive","upload/upload/npm-bom","H:0 M:0 L:0","MIT",No,"browser@10.67.0, core@10.67.0, react@10.67.0, browser-utils@10.67.0"
"feedback@10.67.0","npm - transitive","upload/upload/npm-bom","H:0 M:0 L:0","MIT",No,"browser@10.67.0"
"replay-canvas@10.67.0","npm - transitive","upload/upload/npm-bom","H:0 M:0 L:0","MIT",No,"browser@10.67.0"
"replay@10.67.0","npm - transitive","upload/upload/npm-bom","H:0 M:0 L:0","MIT",No,"browser@10.67.0, replay-canvas@10.67.0"
"cli-linux-x64@3.6.1","npm - transitive","upload/upload/npm-bom","H:0 M:0 L:0","FSL-1.1-MIT",No,"cli@3.6.1"
"progress@2.0.3","npm - transitive","upload/upload/npm-bom","H:0 M:0 L:0","MIT",No,"cli@3.6.1"
"proxy-from-env@1.1.0","npm - transitive","upload/upload/npm-bom","H:0 M:0 L:0","MIT",No,"cli@3.6.1"
"undici@6.28.0","npm - transitive","upload/upload/npm-bom","H:0 M:0 L:0","MIT",No,"cli@3.6.1"
"which@2.0.2","npm - transitive","upload/upload/npm-bom","H:0 M:0 L:0","ISC",No,"cli@3.6.1, cross-spawn@7.0.6"
"expect-utils@29.7.0","npm - transitive","upload/upload/npm-bom","H:0 M:0 L:0","MIT",No,"expect@29.7.0, jest-snapshot@29.7.0"
"jest-get-type@29.6.3","npm - transitive","upload/upload/npm-bom","H:0 M:0 L:0","MIT",No,"expect@29.7.0, jest-validate@29.7.0, expect-utils@29.7.0, jest-matcher-utils@29.7.0, jest-config@29.7.0, jest-snapshot@29.7.0, jest-diff@29.7.0, jest-leak-detector@29.7.0, jest-each@29.7.0"
"jest-matcher-utils@29.7.0","npm - transitive","upload/upload/npm-bom","H:0 M:0 L:0","MIT",No,"expect@29.7.0, jest-snapshot@29.7.0, jest-circus@29.7.0"
"jest-message-util@29.7.0","npm - transitive","upload/upload/npm-bom","H:0 M:0 L:0","MIT",No,"expect@29.7.0, core@29.7.0, console@29.7.0, reporters@29.7.0, jest-runner@29.7.0, jest-runtime@29.7.0, jest-snapshot@29.7.0, jest-circus@29.7.0, fake-timers@29.7.0"
"jest-util@29.7.0","npm - transitive","upload/upload/npm-bom","H:0 M:0 L:0","MIT",No,"expect@29.7.0, core@29.7.0, jest-cli@29.7.0, console@29.7.0, reporters@29.7.0, transform@29.7.0, jest-changed-files@29.7.0, jest-config@29.7.0, jest-haste-map@29.7.0, jest-resolve@29.7.0, jest-runner@29.7.0, jest-runtime@29.7.0, jest-snapshot@29.7.0, jest-watcher@29.7.0, create-jest@29.7.0, jest-worker@29.7.0, jest-circus@29.7.0, jest-environment-node@29.7.0, fake-timers@29.7.0, jest-mock@29.7.0, jest-each@29.7.0"
"schemas@29.6.3","npm - transitive","upload/upload/npm-bom","H:0 M:0 L:0","MIT",No,"types@29.6.3"
"import-fresh@3.3.1","npm - transitive","upload/upload/npm-bom","H:0 M:0 L:0","MIT",No,"eslintrc@2.1.4, cosmiconfig@9.0.2"
"object-schema@2.0.3","npm - transitive","upload/upload/npm-bom","H:0 M:0 L:0","BSD-3-Clause",No,"config-array@0.13.0"
"fs.scandir@2.1.5","npm - transitive","upload/upload/npm-bom","H:0 M:0 L:0","MIT",No,"fs.walk@1.2.8"
"fastq@1.20.1","npm - transitive","upload/upload/npm-bom","H:0 M:0 L:0","ISC",No,"fs.walk@1.2.8"
"fast-json-stable-stringify@2.1.0","npm - transitive","upload/upload/npm-bom","H:0 M:0 L:0","MIT",No,"transform@29.7.0"
"ansi-styles@4.3.0","npm - transitive","upload/upload/npm-bom","H:0 M:0 L:0","MIT",No,"chalk@4.1.2, wrap-ansi@7.0.0"
"supports-color@7.2.0","npm - transitive","upload/upload/npm-bom","H:0 M:0 L:0","MIT",No,"chalk@4.1.2, istanbul-lib-report@3.0.1"
"path-key@3.1.1","npm - transitive","upload/upload/npm-bom","H:0 M:0 L:0","MIT",No,"cross-spawn@7.0.6, npm-run-path@4.0.1"
"shebang-command@2.0.0","npm - transitive","upload/upload/npm-bom","H:0 M:0 L:0","MIT",No,"cross-spawn@7.0.6"
"esrecurse@4.3.0","npm - transitive","upload/upload/npm-bom","H:0 M:0 L:0","BSD-2-Clause",No,"eslint-scope@5.1.1"
"acorn-jsx@5.3.2","npm - transitive","upload/upload/npm-bom","H:0 M:0 L:0","MIT",No,"espree@9.6.1"
"flat-cache@3.2.0","npm - transitive","upload/upload/npm-bom","H:0 M:0 L:0","MIT",No,"file-entry-cache@6.0.1"
"type-fest@0.20.2","npm - transitive","upload/upload/npm-bom","H:0 M:0 L:0","(MIT OR CC0-1.0)",No,"globals@13.24.0"
"is-extglob@2.1.1","npm - transitive","upload/upload/npm-bom","H:0 M:0 L:0","MIT",No,"is-glob@4.0.3"
"argparse@2.0.1","npm - transitive","upload/upload/npm-bom","H:0 M:0 L:0","Python-2.0",No,"js-yaml@4.3.0"
"prelude-ls@1.2.1","npm - transitive","upload/upload/npm-bom","H:0 M:0 L:0","MIT",No,"levn@0.4.1, optionator@0.9.4, type-check@0.4.0"
"type-check@0.4.0","npm - transitive","upload/upload/npm-bom","H:0 M:0 L:0","MIT",No,"levn@0.4.1, optionator@0.9.4"
"deep-is@0.1.4","npm - transitive","upload/upload/npm-bom","H:0 M:0 L:0","MIT",No,"optionator@0.9.4"
"fast-levenshtein@2.0.6","npm - transitive","upload/upload/npm-bom","H:0 M:0 L:0","MIT",No,"optionator@0.9.4"
"word-wrap@1.2.5","npm - transitive","upload/upload/npm-bom","H:0 M:0 L:0","MIT",No,"optionator@0.9.4"
"console@29.7.0","npm - transitive","upload/upload/npm-bom","H:0 M:0 L:0","MIT",No,"core@29.7.0, reporters@29.7.0, test-result@29.7.0, jest-runner@29.7.0"
"reporters@29.7.0","npm - transitive","upload/upload/npm-bom","H:0 M:0 L:0","MIT",No,"core@29.7.0"
"test-result@29.7.0","npm - transitive","upload/upload/npm-bom","H:0 M:0 L:0","MIT",No,"core@29.7.0, jest-cli@29.7.0, reporters@29.7.0, jest-runner@29.7.0, jest-runtime@29.7.0, jest-watcher@29.7.0, test-sequencer@29.7.0, jest-circus@29.7.0"
"transform@29.7.0","npm - transitive","upload/upload/npm-bom","H:0 M:0 L:0","MIT",No,"core@29.7.0, reporters@29.7.0, jest-runner@29.7.0, jest-runtime@29.7.0, jest-snapshot@29.7.0, babel-jest@29.7.0"
"node@26.1.1","npm - transitive","upload/upload/npm-bom","H:0 M:0 L:0","MIT",No,"core@29.7.0, types@29.6.3, jest-util@29.7.0, console@29.7.0, reporters@29.7.0, jest-config@29.7.0, jest-haste-map@29.7.0, jest-runner@29.7.0, jest-runtime@29.7.0, jest-watcher@29.7.0, jest-worker@29.7.0, jest-circus@29.7.0, jest-environment-node@29.7.0, graceful-fs@4.1.9, environment@29.7.0, fake-timers@29.7.0, jest-mock@29.7.0, chrome-launcher@0.15.2, chromium-edge-launcher@0.3.0"
"ansi-escapes@4.3.2","npm - transitive","upload/upload/npm-bom","H:0 M:0 L:0","MIT",No,"core@29.7.0, jest-watcher@29.7.0"
"ci-info@3.9.0","npm - transitive","upload/upload/npm-bom","H:0 M:0 L:0","MIT",No,"core@29.7.0, jest-util@29.7.0, jest-config@29.7.0"
"exit@0.1.2","npm - transitive","upload/upload/npm-bom","H:0 M:0 L:0","MIT",No,"core@29.7.0, jest-cli@29.7.0, reporters@29.7.0, create-jest@29.7.0"
"jest-changed-files@29.7.0","npm - transitive","upload/upload/npm-bom","H:0 M:0 L:0","MIT",No,"core@29.7.0"
"jest-config@29.7.0","npm - transitive","upload/upload/npm-bom","H:0 M:0 L:0","MIT",No,"core@29.7.0, jest-cli@29.7.0, create-jest@29.7.0"
"jest-haste-map@29.7.0","npm - transitive","upload/upload/npm-bom","H:0 M:0 L:0","MIT",No,"core@29.7.0, transform@29.7.0, jest-resolve@29.7.0, jest-runner@29.7.0, jest-runtime@29.7.0, test-sequencer@29.7.0"
"jest-regex-util@29.6.3","npm - transitive","upload/upload/npm-bom","H:0 M:0 L:0","MIT",No,"core@29.7.0, transform@29.7.0, jest-config@29.7.0, jest-haste-map@29.7.0, jest-resolve-dependencies@29.7.0, jest-runtime@29.7.0"
"jest-resolve-dependencies@29.7.0","npm - transitive","upload/upload/npm-bom","H:0 M:0 L:0","MIT",No,"core@29.7.0"
"jest-resolve@29.7.0","npm - transitive","upload/upload/npm-bom","H:0 M:0 L:0","MIT",No,"core@29.7.0, jest-config@29.7.0, jest-runner@29.7.0, jest-runtime@29.7.0, jest-pnp-resolver@1.2.3"
"jest-runner@29.7.0","npm - transitive","upload/upload/npm-bom","H:0 M:0 L:0","MIT",No,"core@29.7.0, jest-config@29.7.0"
"jest-runtime@29.7.0","npm - transitive","upload/upload/npm-bom","H:0 M:0 L:0","MIT",No,"core@29.7.0, jest-runner@29.7.0, jest-circus@29.7.0"
"jest-snapshot@29.7.0","npm - transitive","upload/upload/npm-bom","H:0 M:0 L:0","MIT",No,"core@29.7.0, jest-resolve-dependencies@29.7.0, jest-runtime@29.7.0, jest-circus@29.7.0, expect@29.7.0"
"jest-watcher@29.7.0","npm - transitive","upload/upload/npm-bom","H:0 M:0 L:0","MIT",No,"core@29.7.0, jest-runner@29.7.0"
"slash@3.0.0","npm - transitive","upload/upload/npm-bom","H:0 M:0 L:0","MIT",No,"core@29.7.0, jest-message-util@29.7.0, console@29.7.0, reporters@29.7.0, transform@29.7.0, jest-config@29.7.0, jest-resolve@29.7.0, jest-runtime@29.7.0, test-sequencer@29.7.0, babel-jest@29.7.0, jest-circus@29.7.0"
"istanbul-lib-coverage@2.0.6","npm - transitive","upload/upload/npm-bom","H:0 M:0 L:0","MIT",No,"types@29.6.3, test-result@29.7.0, v8-to-istanbul@9.3.0, istanbul-lib-report@3.0.3"
"istanbul-reports@3.0.4","npm - transitive","upload/upload/npm-bom","H:0 M:0 L:0","MIT",No,"types@29.6.3"
"yargs@17.0.35","npm - transitive","upload/upload/npm-bom","H:0 M:0 L:0","MIT",No,"types@29.6.3"
"pkg-dir@4.2.0","npm - transitive","upload/upload/npm-bom","H:0 M:0 L:0","MIT",No,"import-local@3.2.0"
"resolve-cwd@3.0.0","npm - transitive","upload/upload/npm-bom","H:0 M:0 L:0","MIT",No,"import-local@3.2.0"
"create-jest@29.7.0","npm - transitive","upload/upload/npm-bom","H:0 M:0 L:0","MIT",No,"jest-cli@29.7.0"
"loose-envify@1.4.0","npm - transitive","upload/upload/npm-bom","H:0 M:0 L:0","MIT",No,"invariant@2.2.4, prop-types@15.8.1"
"hoist-non-react-statics@3.3.2","npm - transitive","upload/upload/npm-bom","H:0 M:0 L:0","BSD-3-Clause",No,"react-theme-provider@3.0.9"
"boolbase@1.0.0","npm - transitive","upload/upload/npm-bom","H:0 M:0 L:0","ISC",No,"css-select@5.2.2, nth-check@2.1.1"
"css-what@6.2.2","npm - transitive","upload/upload/npm-bom","H:0 M:0 L:0","BSD-2-Clause",No,"css-select@5.2.2"
"domhandler@5.0.3","npm - transitive","upload/upload/npm-bom","H:0 M:0 L:0","BSD-2-Clause",No,"css-select@5.2.2, domutils@3.2.2, dom-serializer@2.0.0"
"domutils@3.2.2","npm - transitive","upload/upload/npm-bom","H:0 M:0 L:0","BSD-2-Clause",No,"css-select@5.2.2"
"nth-check@2.1.1","npm - transitive","upload/upload/npm-bom","H:0 M:0 L:0","BSD-2-Clause",No,"css-select@5.2.2"
"mdn-data@2.0.14","npm - transitive","upload/upload/npm-bom","H:0 M:0 L:0","CC0-1.0",No,"css-tree@1.1.3"
"source-map@0.6.1","npm - transitive","upload/upload/npm-bom","H:0 M:0 L:0","BSD-3-Clause",No,"css-tree@1.1.3, istanbul-lib-source-maps@4.0.1, source-map-support@0.5.13"
"path-expression-matcher@1.6.2","npm - transitive","upload/upload/npm-bom","H:0 M:0 L:0","MIT",No,"fast-xml-builder@1.3.0"
"xml-naming@0.3.0","npm - transitive","upload/upload/npm-bom","H:0 M:0 L:0","MIT",No,"fast-xml-builder@1.3.0"
"entities@3.0.0","npm - transitive","upload/upload/npm-bom","H:0 M:0 L:0","MIT",No,Unknown
"is-unsafe@2.0.0","npm - transitive","upload/upload/npm-bom","H:0 M:0 L:0","MIT",No,Unknown
"dev-middleware@0.86.0","npm - transitive","upload/upload/npm-bom","H:0 M:0 L:0","MIT",No,"community-cli-plugin@0.86.0"
"event-target-shim@5.0.1","npm - transitive","upload/upload/npm-bom","H:0 M:0 L:0","MIT",No,"abort-controller@3.0.0"
"metro-symbolicate@0.84.4","npm - transitive","upload/upload/npm-bom","H:0 M:0 L:0","MIT",No,"metro-source-map@0.84.4, metro@0.84.4"
"ob1@0.84.4","npm - transitive","upload/upload/npm-bom","H:0 M:0 L:0","MIT",No,"metro-source-map@0.84.4"
"vlq@1.0.1","npm - transitive","upload/upload/npm-bom","H:0 M:0 L:0","MIT",No,"metro-source-map@0.84.4, metro-symbolicate@0.84.4"
"asap@2.0.6","npm - transitive","upload/upload/npm-bom","H:0 M:0 L:0","MIT",No,"promise@8.3.0"
"shell-quote@1.10.0","npm - transitive","upload/upload/npm-bom","H:0 M:0 L:0","MIT",No,"react-devtools-core@6.1.5, launch-editor@2.14.1"
"cliui@8.0.1","npm - transitive","upload/upload/npm-bom","H:0 M:0 L:0","ISC",No,"yargs@17.7.3"
"escalade@3.2.0","npm - transitive","upload/upload/npm-bom","H:0 M:0 L:0","MIT",No,"yargs@17.7.3, update-browserslist-db@1.2.3"
"get-caller-file@2.0.5","npm - transitive","upload/upload/npm-bom","H:0 M:0 L:0","ISC",No,"yargs@17.7.3"
"require-directory@2.1.1","npm - transitive","upload/upload/npm-bom","H:0 M:0 L:0","MIT",No,"yargs@17.7.3"
"string-width@4.2.3","npm - transitive","upload/upload/npm-bom","H:0 M:0 L:0","MIT",No,"yargs@17.7.3, cliui@8.0.1, wrap-ansi@7.0.0, cliui@8.0.2"
"y18n@5.0.8","npm - transitive","upload/upload/npm-bom","H:0 M:0 L:0","ISC",No,"yargs@17.7.3"
"yargs-parser@21.1.1","npm - transitive","upload/upload/npm-bom","H:0 M:0 L:0","ISC",No,"yargs@17.7.3"
"resolve-uri@3.1.2","npm - transitive","upload/upload/npm-bom","H:0 M:0 L:0","MIT",No,"trace-mapping@0.3.31"
"sourcemap-codec@1.5.5","npm - transitive","upload/upload/npm-bom","H:0 M:0 L:0","MIT",No,"trace-mapping@0.3.31, gen-mapping@0.3.13"
"ajv-keywords@5.1.0","npm - transitive","upload/upload/npm-bom","H:0 M:0 L:0","MIT",No,Unknown
"source-map@0.3.11","npm - transitive","upload/upload/npm-bom","H:0 M:0 L:0","MIT",No,"terser@5.49.0"
"helper-numbers@1.13.2","npm - transitive","upload/upload/npm-bom","H:0 M:0 L:0","MIT",No,"ast@1.14.1"
"helper-wasm-bytecode@1.13.2","npm - transitive","upload/upload/npm-bom","H:0 M:0 L:0","MIT",No,"ast@1.14.1, wasm-edit@1.14.1, wasm-parser@1.14.1, helper-wasm-section@1.14.1, wasm-gen@1.14.1"
"helper-buffer@1.14.1","npm - transitive","upload/upload/npm-bom","H:0 M:0 L:0","MIT",No,"wasm-edit@1.14.1, helper-wasm-section@1.14.1, wasm-opt@1.14.1"
"helper-wasm-section@1.14.1","npm - transitive","upload/upload/npm-bom","H:0 M:0 L:0","MIT",No,"wasm-edit@1.14.1"
"wasm-gen@1.14.1","npm - transitive","upload/upload/npm-bom","H:0 M:0 L:0","MIT",No,"wasm-edit@1.14.1, helper-wasm-section@1.14.1, wasm-opt@1.14.1"
"wasm-opt@1.14.1","npm - transitive","upload/upload/npm-bom","H:0 M:0 L:0","MIT",No,"wasm-edit@1.14.1"
"wast-printer@1.14.1","npm - transitive","upload/upload/npm-bom","H:0 M:0 L:0","MIT",No,"wasm-edit@1.14.1"
"helper-api-error@1.13.2","npm - transitive","upload/upload/npm-bom","H:0 M:0 L:0","MIT",No,"wasm-parser@1.14.1, helper-numbers@1.13.2"
"ieee754@1.13.2","npm - transitive","upload/upload/npm-bom","H:0 M:0 L:0","MIT",No,"wasm-parser@1.14.1, wasm-gen@1.14.1"
"leb128@1.13.2","npm - transitive","upload/upload/npm-bom","H:0 M:0 L:0","Apache-2.0",No,"wasm-parser@1.14.1, wasm-gen@1.14.1"
"utf8@1.13.2","npm - transitive","upload/upload/npm-bom","H:0 M:0 L:0","MIT",No,"wasm-parser@1.14.1, wasm-gen@1.14.1"
"baseline-browser-mapping@2.11.0","npm - transitive","upload/upload/npm-bom","H:0 M:0 L:0","Apache-2.0",No,"browserslist@4.28.7"
"caniuse-lite@1.0.30001806","npm - transitive","upload/upload/npm-bom","H:0 M:0 L:0","CC-BY-4.0",No,"browserslist@4.28.7"
"electron-to-chromium@1.5.395","npm - transitive","upload/upload/npm-bom","H:0 M:0 L:0","ISC",No,"browserslist@4.28.7"
"node-releases@2.0.51","npm - transitive","upload/upload/npm-bom","H:0 M:0 L:0","MIT",No,"browserslist@4.28.7"
"update-browserslist-db@1.2.3","npm - transitive","upload/upload/npm-bom","H:0 M:0 L:0","MIT",No,"browserslist@4.28.7"
"yallist@3.1.1","npm - transitive","upload/upload/npm-bom","H:0 M:0 L:0","ISC",No,"lru-cache@5.1.1"
"regexpu-core@6.4.0","npm - transitive","upload/upload/npm-bom","H:0 M:0 L:0","MIT",No,"helper-create-regexp-features-plugin@7.29.7"
"helper-wrap-function@7.29.7","npm - transitive","upload/upload/npm-bom","H:0 M:0 L:0","MIT",No,"helper-remap-async-to-generator@7.29.7"
"helper-member-expression-to-functions@7.29.7","npm - transitive","upload/upload/npm-bom","H:0 M:0 L:0","MIT",No,"helper-create-class-features-plugin@7.29.7, helper-replace-supers@7.29.7"
"helper-optimise-call-expression@7.29.7","npm - transitive","upload/upload/npm-bom","H:0 M:0 L:0","MIT",No,"helper-create-class-features-plugin@7.29.7, helper-replace-supers@7.29.7"
"lodash.debounce@4.0.8","npm - transitive","upload/upload/npm-bom","H:0 M:0 L:0","MIT",No,"helper-define-polyfill-provider@0.6.8"
"resolve@1.22.12","npm - transitive","upload/upload/npm-bom","H:0 M:0 L:0","MIT",No,"helper-define-polyfill-provider@0.6.8, jest-resolve@29.7.0"
"extend@3.0.2","npm - transitive","upload/upload/npm-bom","H:0 M:0 L:0","MIT",No,"schemes@1.4.0"
"nearley@2.20.1","npm - transitive","upload/upload/npm-bom","H:0 M:0 L:0","MIT",No,"smtp-address-parser@1.1.0"
"file-uri-to-path@1.0.0","npm - transitive","upload/upload/npm-bom","H:0 M:0 L:0","MIT",No,"bindings@1.5.0"
"env-paths@2.2.1","npm - transitive","upload/upload/npm-bom","H:0 M:0 L:0","MIT",No,"node-gyp@11.5.0, cosmiconfig@9.0.2"
"exponential-backoff@3.1.3","npm - transitive","upload/upload/npm-bom","H:0 M:0 L:0","Apache-2.0",No,"node-gyp@11.5.0, metro-cache@0.84.4"
"make-fetch-happen@14.0.3","npm - transitive","upload/upload/npm-bom","H:0 M:0 L:0","ISC",No,"node-gyp@11.5.0"
"nopt@8.1.0","npm - transitive","upload/upload/npm-bom","H:0 M:0 L:0","ISC",No,"node-gyp@11.5.0"
"proc-log@5.0.0","npm - transitive","upload/upload/npm-bom","H:0 M:0 L:0","ISC",No,"node-gyp@11.5.0, make-fetch-happen@14.0.3"
"tar@7.5.21","npm - transitive","upload/upload/npm-bom","H:0 M:0 L:0","BlueOak-1.0.0",No,"node-gyp@11.5.0, cacache@19.0.1"
"detect-libc@2.1.2","npm - transitive","upload/upload/npm-bom","H:0 M:0 L:0","Apache-2.0",No,"prebuild-install@7.1.3"
"expand-template@2.0.3","npm - transitive","upload/upload/npm-bom","H:0 M:0 L:0","(MIT OR WTFPL)",No,"prebuild-install@7.1.3"
"github-from-package@0.0.0","npm - transitive","upload/upload/npm-bom","H:0 M:0 L:0","MIT",No,"prebuild-install@7.1.3"
"minimist@1.2.8","npm - transitive","upload/upload/npm-bom","H:0 M:0 L:0","MIT",No,"prebuild-install@7.1.3, rc@1.2.8"
"mkdirp-classic@0.5.3","npm - transitive","upload/upload/npm-bom","H:0 M:0 L:0","MIT",No,"prebuild-install@7.1.3, tar-fs@2.1.5"
"napi-build-utils@2.0.0","npm - transitive","upload/upload/npm-bom","H:0 M:0 L:0","MIT",No,"prebuild-install@7.1.3"
"node-abi@3.94.0","npm - transitive","upload/upload/npm-bom","H:0 M:0 L:0","MIT",No,"prebuild-install@7.1.3"
"pump@3.0.4","npm - transitive","upload/upload/npm-bom","H:0 M:0 L:0","MIT",No,"prebuild-install@7.1.3, tar-fs@2.1.5"
"rc@1.2.8","npm - transitive","upload/upload/npm-bom","H:0 M:0 L:0","(BSD-2-Clause OR MIT OR Apache-2.0)",No,"prebuild-install@7.1.3"
"simple-get@4.0.1","npm - transitive","upload/upload/npm-bom","H:0 M:0 L:0","MIT",No,"prebuild-install@7.1.3"
"tar-fs@2.1.5","npm - transitive","upload/upload/npm-bom","H:0 M:0 L:0","MIT",No,"prebuild-install@7.1.3"
"tunnel-agent@0.6.0","npm - transitive","upload/upload/npm-bom","H:0 M:0 L:0","Apache-2.0",No,"prebuild-install@7.1.3"
"spdx-correct@3.2.0","npm - transitive","upload/upload/npm-bom","H:0 M:0 L:0","Apache-2.0",No,"validate-npm-package-license@3.0.4"
"url@3.0.0","npm - transitive","upload/upload/npm-bom","H:0 M:0 L:0","MIT",No,"dom@2.0.2"
"fs.stat@2.0.5","npm - transitive","upload/upload/npm-bom","H:0 M:0 L:0","MIT",No,"fast-glob@3.3.3, fs.scandir@2.1.5"
"merge2@1.4.1","npm - transitive","upload/upload/npm-bom","H:0 M:0 L:0","MIT",No,"fast-glob@3.3.3"
"strnum@1.1.2","npm - transitive","upload/upload/npm-bom","H:0 M:0 L:0","MIT",No,"fast-xml-parser@4.5.7"
"mimic-fn@2.1.0","npm - transitive","upload/upload/npm-bom","H:0 M:0 L:0","MIT",No,"onetime@5.1.2"
"colorette@1.4.0","npm - transitive","upload/upload/npm-bom","H:0 M:0 L:0","MIT",No,"ansi-fragments@0.2.1"
"slice-ansi@2.1.0","npm - transitive","upload/upload/npm-bom","H:0 M:0 L:0","MIT",No,"ansi-fragments@0.2.1"
"decamelize@1.2.0","npm - transitive","upload/upload/npm-bom","H:0 M:0 L:0","MIT",No,Unknown
"require-main-filename@2.0.0","npm - transitive","upload/upload/npm-bom","H:0 M:0 L:0","ISC",No,Unknown
"set-blocking@2.0.0","npm - transitive","upload/upload/npm-bom","H:0 M:0 L:0","ISC",No,Unknown
"which-module@2.0.1","npm - transitive","upload/upload/npm-bom","H:0 M:0 L:0","ISC",No,Unknown
"parse-json@5.2.0","npm - transitive","upload/upload/npm-bom","H:0 M:0 L:0","MIT",No,"cosmiconfig@9.0.2, jest-config@29.7.0"
"hoek@9.3.0","npm - transitive","upload/upload/npm-bom","H:0 M:0 L:0","BSD-3-Clause",No,"joi@17.13.4, topo@5.1.0, address@4.1.5"
"topo@5.1.0","npm - transitive","upload/upload/npm-bom","H:0 M:0 L:0","BSD-3-Clause",No,"joi@17.13.4"
"address@4.1.5","npm - transitive","upload/upload/npm-bom","H:0 M:0 L:0","BSD-3-Clause",No,"joi@17.13.4"
"formula@3.0.1","npm - transitive","upload/upload/npm-bom","H:0 M:0 L:0","BSD-3-Clause",No,"joi@17.13.4"
"pinpoint@2.0.0","npm - transitive","upload/upload/npm-bom","H:0 M:0 L:0","BSD-3-Clause",No,"joi@17.13.4"
"defaults@1.0.4","npm - transitive","upload/upload/npm-bom","H:0 M:0 L:0","MIT",No,"wcwidth@1.0.1"
"bytes@3.1.2","npm - transitive","upload/upload/npm-bom","H:0 M:0 L:0","MIT",No,"body-parser@1.20.6, compression@1.8.1, raw-body@2.5.3"
"content-type@1.0.5","npm - transitive","upload/upload/npm-bom","H:0 M:0 L:0","MIT",No,"body-parser@1.20.6, express@5.2.1"
"depd@2.0.0","npm - transitive","upload/upload/npm-bom","H:0 M:0 L:0","MIT",No,"body-parser@1.20.6, express@5.2.1, http-errors@2.0.1, router@2.2.0"
"destroy@1.2.0","npm - transitive","upload/upload/npm-bom","H:0 M:0 L:0","MIT",No,"body-parser@1.20.6"
"http-errors@2.0.1","npm - transitive","upload/upload/npm-bom","H:0 M:0 L:0","MIT",No,"body-parser@1.20.6, express@5.2.1, raw-body@2.5.3, send@1.2.1"
"iconv-lite@0.4.24","npm - transitive","upload/upload/npm-bom","H:0 M:0 L:0","MIT",No,"body-parser@1.20.6, raw-body@2.5.3"
"on-finished@2.4.1","npm - transitive","upload/upload/npm-bom","H:0 M:0 L:0","MIT",No,"body-parser@1.20.6, express@5.2.1, send@1.2.1"
"qs@6.15.3","npm - transitive","upload/upload/npm-bom","H:0 M:0 L:0","BSD-3-Clause",No,"body-parser@1.20.6, express@5.2.1"
"raw-body@2.5.3","npm - transitive","upload/upload/npm-bom","H:0 M:0 L:0","MIT",No,"body-parser@1.20.6"
"type-is@1.6.18","npm - transitive","upload/upload/npm-bom","H:0 M:0 L:0","MIT",No,"body-parser@1.20.6"
"unpipe@1.0.0","npm - transitive","upload/upload/npm-bom","H:0 M:0 L:0","MIT",No,"body-parser@1.20.6, raw-body@2.5.3, finalhandler@1.1.2"
"compressible@2.0.18","npm - transitive","upload/upload/npm-bom","H:0 M:0 L:0","MIT",No,"compression@1.8.1"
"negotiator@0.6.4","npm - transitive","upload/upload/npm-bom","H:0 M:0 L:0","MIT",No,"compression@1.8.1"
"on-headers@1.1.0","npm - transitive","upload/upload/npm-bom","H:0 M:0 L:0","MIT",No,"compression@1.8.1"
"safe-buffer@5.2.1","npm - transitive","upload/upload/npm-bom","H:0 M:0 L:0","MIT",No,"compression@1.8.1, tunnel-agent@0.6.0, string_decoder@1.3.0"
"vary@1.1.2","npm - transitive","upload/upload/npm-bom","H:0 M:0 L:0","MIT",No,"compression@1.8.1, express@5.2.1"
"finalhandler@1.1.2","npm - transitive","upload/upload/npm-bom","H:0 M:0 L:0","MIT",No,"connect@3.7.0"
"parseurl@1.3.3","npm - transitive","upload/upload/npm-bom","H:0 M:0 L:0","MIT",No,"connect@3.7.0, serve-static@1.16.3, express@5.2.1, finalhandler@1.1.2, router@2.2.0"
"utils-merge@1.0.1","npm - transitive","upload/upload/npm-bom","H:0 M:0 L:0","MIT AND MIT",No,"connect@3.7.0"
"accepts@1.3.8","npm - transitive","upload/upload/npm-bom","H:0 M:0 L:0","MIT",No,"errorhandler@1.5.2"
"escape-html@1.0.3","npm - transitive","upload/upload/npm-bom","H:0 M:0 L:0","MIT",No,"errorhandler@1.5.2, serve-static@1.16.3, express@5.2.1, finalhandler@1.1.2, send@1.2.1"
"async-limiter@1.0.1","npm - transitive","upload/upload/npm-bom","H:0 M:0 L:0","MIT",No,Unknown
"p-locate@5.0.0","npm - transitive","upload/upload/npm-bom","H:0 M:0 L:0","MIT",No,"locate-path@6.0.0"
"unicorn-magic@0.3.0","npm - transitive","upload/upload/npm-bom","H:0 M:0 L:0","MIT",No,Unknown
"xmldom@0.9.10","npm - transitive","upload/upload/npm-bom","H:0 M:0 L:0","MIT",No,"plist@3.1.1"
"xmlbuilder@15.1.1","npm - transitive","upload/upload/npm-bom","H:0 M:0 L:0","MIT",No,"plist@3.1.1"
"hermes-estree@0.36.0","npm - transitive","upload/upload/npm-bom","H:0 M:0 L:0","MIT",No,"hermes-parser@0.36.0"
"project-service@8.65.0","npm - transitive","upload/upload/npm-bom","H:0 M:0 L:0","MIT",No,"typescript-estree@8.65.0"
"tsconfig-utils@8.65.0","npm - transitive","upload/upload/npm-bom","H:0 M:0 L:0","MIT",No,"typescript-estree@8.65.0, project-service@8.65.0"
"minimatch@10.2.5","npm - transitive","upload/upload/npm-bom","H:0 M:0 L:0","BlueOak-1.0.0",No,"typescript-estree@8.65.0"
"call-bind@1.0.9","npm - transitive","upload/upload/npm-bom","H:0 M:0 L:0","MIT",No,"array-includes@3.1.9, array.prototype.findlast@1.2.5, array.prototype.flatmap@1.3.3, array.prototype.tosorted@1.1.4, es-iterator-helpers@1.4.0, object.entries@1.1.9, object.fromentries@2.0.8, object.values@1.2.1, string.prototype.matchall@4.0.12, es-abstract@1.24.2, array.prototype.flat@1.3.3, object.assign@4.1.7, regexp.prototype.flags@1.5.4, arraybuffer.prototype.slice@1.0.4, function.prototype.name@1.2.0, is-array-buffer@3.0.5, safe-array-concat@1.1.4, string.prototype.trim@1.2.11, string.prototype.trimend@1.0.10, string.prototype.trimstart@1.0.8, typed-array-byte-length@1.0.3, typed-array-byte-offset@1.0.4, typed-array-length@1.0.8, which-typed-array@1.1.22, reflect.getprototypeof@1.0.10"
"call-bound@1.0.4","npm - transitive","upload/upload/npm-bom","H:0 M:0 L:0","MIT",No,"array-includes@3.1.9, es-iterator-helpers@1.4.0, object.entries@1.1.9, object.values@1.2.1, string.prototype.matchall@4.0.12, es-abstract@1.24.2, is-string@1.1.1, object.assign@4.1.7, array-buffer-byte-length@1.0.2, data-view-buffer@1.0.2, data-view-byte-length@1.0.2, data-view-byte-offset@1.0.1, function.prototype.name@1.2.0, get-symbol-description@1.1.0, is-array-buffer@3.0.5, is-data-view@1.0.2, is-regex@1.2.1, is-shared-array-buffer@1.0.4, is-weakref@1.1.1, own-keys@1.0.2, safe-array-concat@1.1.4, safe-regex-test@1.1.0, string.prototype.trim@1.2.11, string.prototype.trimend@1.0.10, typed-array-buffer@1.0.3, unbox-primitive@1.1.0, which-typed-array@1.1.22, side-channel-map@1.0.1, side-channel-weakmap@1.0.2, is-date-object@1.1.0, is-symbol@1.1.1, is-document.all@1.0.0, which-builtin-type@1.2.1, is-boolean-object@1.2.2, is-number-object@1.1.1, is-async-function@2.1.1, is-finalizationregistry@1.1.1, is-generator-function@1.1.2, is-weakset@2.0.4"
"define-properties@1.2.1","npm - transitive","upload/upload/npm-bom","H:0 M:0 L:0","MIT",No,"array-includes@3.1.9, array.prototype.findlast@1.2.5, array.prototype.flatmap@1.3.3, array.prototype.tosorted@1.1.4, es-iterator-helpers@1.4.0, object.entries@1.1.9, object.fromentries@2.0.8, object.values@1.2.1, string.prototype.matchall@4.0.12, string.prototype.repeat@1.0.0, globalthis@1.0.4, array.prototype.flat@1.3.3, object.assign@4.1.7, regexp.prototype.flags@1.5.4, arraybuffer.prototype.slice@1.0.4, string.prototype.trim@1.2.11, string.prototype.trimend@1.0.10, string.prototype.trimstart@1.0.8, reflect.getprototypeof@1.0.10"
"es-abstract@1.24.2","npm - transitive","upload/upload/npm-bom","H:0 M:0 L:0","MIT",No,"array-includes@3.1.9, array.prototype.findlast@1.2.5, array.prototype.flatmap@1.3.3, array.prototype.tosorted@1.1.4, es-iterator-helpers@1.4.0, object.fromentries@2.0.8, string.prototype.matchall@4.0.12, string.prototype.repeat@1.0.0, array.prototype.flat@1.3.3, arraybuffer.prototype.slice@1.0.4, string.prototype.trim@1.2.11, reflect.getprototypeof@1.0.10"
"es-object-atoms@1.1.2","npm - transitive","upload/upload/npm-bom","H:0 M:0 L:0","MIT",No,"array-includes@3.1.9, array.prototype.findlast@1.2.5, object.entries@1.1.9, object.fromentries@2.0.8, object.values@1.2.1, string.prototype.matchall@4.0.12, es-abstract@1.24.2, get-intrinsic@1.3.0, iterator.prototype@1.1.5, object.assign@4.1.7, get-proto@1.0.1, set-proto@1.0.0, string.prototype.trim@1.2.11, string.prototype.trimend@1.0.10, string.prototype.trimstart@1.0.8, es-abstract-get@1.0.0, reflect.getprototypeof@1.0.10"
"get-intrinsic@1.3.0","npm - transitive","upload/upload/npm-bom","H:0 M:0 L:0","MIT",No,"array-includes@3.1.9, es-iterator-helpers@1.4.0, string.prototype.matchall@4.0.12, call-bind@1.0.9, call-bound@1.0.4, es-abstract@1.24.2, es-set-tostringtag@2.1.0, iterator.prototype@1.1.5, set-function-length@1.2.2, arraybuffer.prototype.slice@1.0.4, get-symbol-description@1.1.0, is-array-buffer@3.0.5, is-data-view@1.0.2, own-keys@1.0.2, safe-array-concat@1.1.4, side-channel-map@1.0.1, side-channel-weakmap@1.0.2, reflect.getprototypeof@1.0.10, is-weakset@2.0.4"
"is-string@1.1.1","npm - transitive","upload/upload/npm-bom","H:0 M:0 L:0","MIT",No,"array-includes@3.1.9, es-abstract@1.24.2, which-boxed-primitive@1.1.1"
"math-intrinsics@1.1.0","npm - transitive","upload/upload/npm-bom","H:0 M:0 L:0","MIT",No,"array-includes@3.1.9, es-iterator-helpers@1.4.0, es-abstract@1.24.2, get-intrinsic@1.3.0"
"es-errors@1.3.0","npm - transitive","upload/upload/npm-bom","H:0 M:0 L:0","MIT",No,"array.prototype.findlast@1.2.5, array.prototype.tosorted@1.1.4, es-iterator-helpers@1.4.0, string.prototype.matchall@4.0.12, resolve@1.22.12, es-abstract@1.24.2, es-object-atoms@1.1.2, get-intrinsic@1.3.0, es-set-tostringtag@2.1.0, internal-slot@1.1.0, node-exports-info@1.6.2, regexp.prototype.flags@1.5.4, set-function-name@2.0.2, side-channel@1.1.1, call-bind-apply-helpers@1.0.2, set-function-length@1.2.2, define-data-property@1.1.4, arraybuffer.prototype.slice@1.0.4, data-view-buffer@1.0.2, data-view-byte-length@1.0.2, data-view-byte-offset@1.0.1, es-to-primitive@1.3.4, function.prototype.name@1.2.0, get-symbol-description@1.1.0, safe-push-apply@1.0.0, safe-regex-test@1.1.0, set-proto@1.0.0, stop-iteration-iterator@1.1.0, typed-array-buffer@1.0.3, dunder-proto@1.0.1, side-channel-list@1.0.1, side-channel-map@1.0.1, side-channel-weakmap@1.0.2, es-abstract-get@1.0.0, reflect.getprototypeof@1.0.10"
"es-shim-unscopables@1.1.0","npm - transitive","upload/upload/npm-bom","H:0 M:0 L:0","MIT",No,"array.prototype.findlast@1.2.5, array.prototype.flatmap@1.3.3, array.prototype.tosorted@1.1.4, array.prototype.flat@1.3.3"
"es-set-tostringtag@2.1.0","npm - transitive","upload/upload/npm-bom","H:0 M:0 L:0","MIT",No,"es-iterator-helpers@1.4.0, es-abstract@1.24.2"
"function-bind@1.1.2","npm - transitive","upload/upload/npm-bom","H:0 M:0 L:0","MIT",No,"es-iterator-helpers@1.4.0, hasown@2.0.4, get-intrinsic@1.3.0, call-bind-apply-helpers@1.0.2, set-function-length@1.2.2"
"globalthis@1.0.4","npm - transitive","upload/upload/npm-bom","H:0 M:0 L:0","MIT",No,"es-iterator-helpers@1.4.0, es-abstract@1.24.2"
"gopd@1.2.0","npm - transitive","upload/upload/npm-bom","H:0 M:0 L:0","MIT",No,"es-iterator-helpers@1.4.0, string.prototype.matchall@4.0.12, es-abstract@1.24.2, get-intrinsic@1.3.0, globalthis@1.0.4, regexp.prototype.flags@1.5.4, set-function-length@1.2.2, define-data-property@1.1.4, is-regex@1.2.1, typed-array-byte-length@1.0.3, typed-array-byte-offset@1.0.4, typed-array-length@1.0.8, which-typed-array@1.1.22, dunder-proto@1.0.1"
"has-property-descriptors@1.0.2","npm - transitive","upload/upload/npm-bom","H:0 M:0 L:0","MIT",No,"es-iterator-helpers@1.4.0, define-properties@1.2.1, es-abstract@1.24.2, set-function-name@2.0.2, set-function-length@1.2.2, function.prototype.name@1.2.0, string.prototype.trim@1.2.11"
"has-proto@1.2.0","npm - transitive","upload/upload/npm-bom","H:0 M:0 L:0","MIT",No,"es-iterator-helpers@1.4.0, es-abstract@1.24.2, typed-array-byte-length@1.0.3, typed-array-byte-offset@1.0.4"
"has-symbols@1.1.0","npm - transitive","upload/upload/npm-bom","H:0 M:0 L:0","MIT",No,"es-iterator-helpers@1.4.0, string.prototype.matchall@4.0.12, es-abstract@1.24.2, get-intrinsic@1.3.0, iterator.prototype@1.1.5, object.assign@4.1.7, safe-array-concat@1.1.4, unbox-primitive@1.1.0, has-tostringtag@1.0.2, is-symbol@1.1.1"
"internal-slot@1.1.0","npm - transitive","upload/upload/npm-bom","H:0 M:0 L:0","MIT",No,"es-iterator-helpers@1.4.0, string.prototype.matchall@4.0.12, es-abstract@1.24.2, stop-iteration-iterator@1.1.0"
"iterator.prototype@1.1.5","npm - transitive","upload/upload/npm-bom","H:0 M:0 L:0","MIT",No,"es-iterator-helpers@1.4.0"
"array.prototype.flat@1.3.3","npm - transitive","upload/upload/npm-bom","H:0 M:0 L:0","MIT",No,"jsx-ast-utils@3.3.5"
"object.assign@4.1.7","npm - transitive","upload/upload/npm-bom","H:0 M:0 L:0","MIT",No,"jsx-ast-utils@3.3.5, es-abstract@1.24.2"
"object-assign@4.1.1","npm - transitive","upload/upload/npm-bom","H:0 M:0 L:0","MIT",No,"prop-types@15.8.1"
"is-core-module@2.16.2","npm - transitive","upload/upload/npm-bom","H:0 M:0 L:0","MIT",No,"resolve@1.22.12"
"node-exports-info@1.6.2","npm - transitive","upload/upload/npm-bom","H:0 M:0 L:0","MIT",No,Unknown
"object-keys@1.1.1","npm - transitive","upload/upload/npm-bom","H:0 M:0 L:0","MIT",No,"define-properties@1.2.1, es-abstract@1.24.2, object.assign@4.1.7, own-keys@1.0.2"
"path-parse@1.0.7","npm - transitive","upload/upload/npm-bom","H:0 M:0 L:0","MIT",No,"resolve@1.22.12"
"supports-preserve-symlinks-flag@1.0.0","npm - transitive","upload/upload/npm-bom","H:0 M:0 L:0","MIT",No,"resolve@1.22.12"
"regexp.prototype.flags@1.5.4","npm - transitive","upload/upload/npm-bom","H:0 M:0 L:0","MIT",No,"string.prototype.matchall@4.0.12, es-abstract@1.24.2"
"set-function-name@2.0.2","npm - transitive","upload/upload/npm-bom","H:0 M:0 L:0","MIT",No,"string.prototype.matchall@4.0.12, iterator.prototype@1.1.5, regexp.prototype.flags@1.5.4"
"side-channel@1.1.1","npm - transitive","upload/upload/npm-bom","H:0 M:0 L:0","MIT",No,"string.prototype.matchall@4.0.12, qs@6.15.3, internal-slot@1.1.0"
"leven@3.1.0","npm - transitive","upload/upload/npm-bom","H:0 M:0 L:0","MIT",No,"jest-validate@29.7.0"
"https-proxy-agent@7.0.6","npm - transitive","upload/upload/npm-bom","H:0 M:0 L:0","MIT",No,"metro-cache@0.84.4, agent@3.0.0"
"lodash.throttle@4.1.1","npm - transitive","upload/upload/npm-bom","H:0 M:0 L:0","MIT",No,"metro-core@0.84.4, metro@0.84.4"
"metro-resolver@0.84.4","npm - transitive","upload/upload/npm-bom","H:0 M:0 L:0","MIT",No,"metro-core@0.84.4, metro@0.84.4"
"error-stack-parser@2.1.4","npm - transitive","upload/upload/npm-bom","H:0 M:0 L:0","MIT",No,"metro@0.84.4"
"jest-worker@29.7.0","npm - transitive","upload/upload/npm-bom","H:0 M:0 L:0","MIT",No,"metro@0.84.4, reporters@29.7.0, jest-haste-map@29.7.0, jest-runner@29.7.0, metro-file-map@0.84.4"
"jsc-safe-url@0.2.4","npm - transitive","upload/upload/npm-bom","H:0 M:0 L:0","0BSD",No,"metro@0.84.4"
"metro-babel-transformer@0.84.4","npm - transitive","upload/upload/npm-bom","H:0 M:0 L:0","MIT",No,"metro@0.84.4, metro-transform-worker@0.84.4"
"metro-cache-key@0.84.4","npm - transitive","upload/upload/npm-bom","H:0 M:0 L:0","MIT",No,"metro@0.84.4, metro-babel-transformer@0.84.4, metro-transform-worker@0.84.4"
"metro-file-map@0.84.4","npm - transitive","upload/upload/npm-bom","H:0 M:0 L:0","MIT",No,"metro@0.84.4"
"metro-transform-plugins@0.84.4","npm - transitive","upload/upload/npm-bom","H:0 M:0 L:0","MIT",No,"metro@0.84.4, metro-transform-worker@0.84.4"
"metro-transform-worker@0.84.4","npm - transitive","upload/upload/npm-bom","H:0 M:0 L:0","MIT",No,"metro@0.84.4"
"serialize-error@2.1.0","npm - transitive","upload/upload/npm-bom","H:0 M:0 L:0","MIT",No,"metro@0.84.4"
"throat@5.0.0","npm - transitive","upload/upload/npm-bom","H:0 M:0 L:0","MIT",No,"metro@0.84.4"
"color-name@1.1.4","npm - transitive","upload/upload/npm-bom","H:0 M:0 L:0","MIT",No,"color-convert@2.0.1, color-string@1.9.1"
"simple-swizzle@0.2.4","npm - transitive","upload/upload/npm-bom","H:0 M:0 L:0","MIT",No,"color-string@1.9.1"
"decode-uri-component@0.2.2","npm - transitive","upload/upload/npm-bom","H:0 M:0 L:0","MIT",No,"query-string@7.1.3"
"filter-obj@1.1.0","npm - transitive","upload/upload/npm-bom","H:0 M:0 L:0","MIT",No,"query-string@7.1.3"
"split-on-first@1.1.0","npm - transitive","upload/upload/npm-bom","H:0 M:0 L:0","MIT",No,"query-string@7.1.3"
"strict-uri-encode@2.0.0","npm - transitive","upload/upload/npm-bom","H:0 M:0 L:0","MIT",No,"query-string@7.1.3"
"linux-x64@0.28.1","npm - transitive","upload/upload/npm-bom","H:0 M:0 L:0","MIT",No,"esbuild@0.28.1"
"encoding@0.1.13","npm - transitive","upload/upload/npm-bom","H:0 M:0 L:0","MIT",No,"node-fetch@2.7.0, minipass-fetch@4.0.1"
"whatwg-url@5.0.0","npm - transitive","upload/upload/npm-bom","H:0 M:0 L:0","MIT",No,"node-fetch@2.7.0"
"buffer@5.7.1","npm - transitive","upload/upload/npm-bom","H:0 M:0 L:0","MIT",No,"bl@4.1.0"
"inherits@2.0.4","npm - transitive","upload/upload/npm-bom","H:0 M:0 L:0","ISC",No,"bl@4.1.0, http-errors@2.0.1, readable-stream@3.6.2, glob@7.2.3, tar-stream@2.2.0, queue@6.0.2"
"readable-stream@3.6.2","npm - transitive","upload/upload/npm-bom","H:0 M:0 L:0","MIT",No,"bl@4.1.0, tar-stream@2.2.0"
"restore-cursor@3.1.0","npm - transitive","upload/upload/npm-bom","H:0 M:0 L:0","MIT",No,"cli-cursor@3.1.0"
"braces@3.0.3","npm - transitive","upload/upload/npm-bom","H:0 M:0 L:0","MIT",No,"micromatch@4.0.8"
"picomatch@2.3.2","npm - transitive","upload/upload/npm-bom","H:0 M:0 L:0","MIT",No,"micromatch@4.0.8, jest-util@29.7.0, anymatch@3.1.3"
"strip-bom@4.0.0","npm - transitive","upload/upload/npm-bom","H:0 M:0 L:0","MIT",No,"read-yaml-file@2.1.0, jest-runtime@29.7.0"
"content-disposition@1.1.0","npm - transitive","upload/upload/npm-bom","H:0 M:0 L:0","MIT",No,"express@5.2.1"
"cookie-signature@1.2.2","npm - transitive","upload/upload/npm-bom","H:0 M:0 L:0","MIT",No,"express@5.2.1"
"cookie@0.7.2","npm - transitive","upload/upload/npm-bom","H:0 M:0 L:0","MIT",No,"express@5.2.1"
"etag@1.8.1","npm - transitive","upload/upload/npm-bom","H:0 M:0 L:0","MIT",No,"express@5.2.1, send@1.2.1"
"merge-descriptors@2.0.0","npm - transitive","upload/upload/npm-bom","H:0 M:0 L:0","MIT",No,"express@5.2.1"
"once@1.4.0","npm - transitive","upload/upload/npm-bom","H:0 M:0 L:0","ISC",No,"express@5.2.1, pump@3.0.4, simple-get@4.0.1, glob@7.2.3, end-of-stream@1.4.5, inflight@1.0.6"
"proxy-addr@2.0.7","npm - transitive","upload/upload/npm-bom","H:0 M:0 L:0","MIT",No,"express@5.2.1"
"range-parser@1.2.1","npm - transitive","upload/upload/npm-bom","H:0 M:0 L:0","MIT",No,"express@5.2.1, send@1.2.1"
"router@2.2.0","npm - transitive","upload/upload/npm-bom","H:0 M:0 L:0","MIT",No,"express@5.2.1"
"send@1.2.1","npm - transitive","upload/upload/npm-bom","H:0 M:0 L:0","MIT",No,"express@5.2.1"
"react-redux@9.3.0","npm - transitive","upload/upload/npm-bom","H:0 M:0 L:0","MIT",No,"core@4.1.1"
"isexe@2.0.0","npm - transitive","upload/upload/npm-bom","H:0 M:0 L:0","ISC",No,"which@2.0.2"
"jest-diff@29.7.0","npm - transitive","upload/upload/npm-bom","H:0 M:0 L:0","MIT",No,"jest-matcher-utils@29.7.0, jest-snapshot@29.7.0"
"stack-utils@2.0.3","npm - transitive","upload/upload/npm-bom","H:0 M:0 L:0","MIT",No,"jest-message-util@29.7.0"
"stack-utils@2.0.6","npm - transitive","upload/upload/npm-bom","H:0 M:0 L:0","MIT",No,"jest-message-util@29.7.0, jest-circus@29.7.0"
"typebox@0.27.12","npm - transitive","upload/upload/npm-bom","H:0 M:0 L:0","MIT",No,"schemas@29.6.3"
"parent-module@1.0.1","npm - transitive","upload/upload/npm-bom","H:0 M:0 L:0","MIT",No,"import-fresh@3.3.1"
"resolve-from@4.0.0","npm - transitive","upload/upload/npm-bom","H:0 M:0 L:0","MIT",No,"import-fresh@3.3.1"
"run-parallel@1.2.0","npm - transitive","upload/upload/npm-bom","H:0 M:0 L:0","MIT",No,"fs.scandir@2.1.5"
"reusify@1.1.0","npm - transitive","upload/upload/npm-bom","H:0 M:0 L:0","MIT",No,"fastq@1.20.1"
"has-flag@4.0.0","npm - transitive","upload/upload/npm-bom","H:0 M:0 L:0","MIT",No,"supports-color@7.2.0"
"shebang-regex@3.0.0","npm - transitive","upload/upload/npm-bom","H:0 M:0 L:0","MIT",No,"shebang-command@2.0.0"
"flatted@3.4.2","npm - transitive","upload/upload/npm-bom","H:0 M:0 L:0","ISC",No,"flat-cache@3.2.0"
"keyv@4.5.4","npm - transitive","upload/upload/npm-bom","H:0 M:0 L:0","MIT",No,"flat-cache@3.2.0"
"rimraf@3.0.2","npm - transitive","upload/upload/npm-bom","H:0 M:0 L:0","ISC",No,"flat-cache@3.2.0"
"concat-map@0.0.1","npm - transitive","upload/upload/npm-bom","H:0 M:0 L:0","MIT",No,Unknown
"v8-coverage@0.2.3","npm - transitive","upload/upload/npm-bom","H:0 M:0 L:0","MIT",No,"reporters@29.7.0"
"collect-v8-coverage@1.0.3","npm - transitive","upload/upload/npm-bom","H:0 M:0 L:0","MIT",No,"reporters@29.7.0, test-result@29.7.0, jest-runtime@29.7.0"
"glob@7.2.3","npm - transitive","upload/upload/npm-bom","H:0 M:0 L:0","ISC",No,"reporters@29.7.0, jest-config@29.7.0, jest-runtime@29.7.0, rimraf@3.0.2, test-exclude@6.0.0"
"istanbul-lib-coverage@3.2.2","npm - transitive","upload/upload/npm-bom","H:0 M:0 L:0","BSD-3-Clause",No,"reporters@29.7.0, istanbul-lib-instrument@6.0.3, istanbul-lib-report@3.0.1, istanbul-lib-source-maps@4.0.1"
"istanbul-lib-instrument@6.0.3","npm - transitive","upload/upload/npm-bom","H:0 M:0 L:0","BSD-3-Clause",No,"reporters@29.7.0"
"istanbul-lib-report@3.0.1","npm - transitive","upload/upload/npm-bom","H:0 M:0 L:0","BSD-3-Clause",No,"reporters@29.7.0, istanbul-reports@3.2.0"
"istanbul-lib-source-maps@4.0.1","npm - transitive","upload/upload/npm-bom","H:0 M:0 L:0","BSD-3-Clause",No,"reporters@29.7.0"
"istanbul-reports@3.2.0","npm - transitive","upload/upload/npm-bom","H:0 M:0 L:0","BSD-3-Clause",No,"reporters@29.7.0"
"string-length@4.0.2","npm - transitive","upload/upload/npm-bom","H:0 M:0 L:0","MIT",No,"reporters@29.7.0, jest-watcher@29.7.0"
"v8-to-istanbul@9.3.0","npm - transitive","upload/upload/npm-bom","H:0 M:0 L:0","ISC",No,"reporters@29.7.0"
"babel-plugin-istanbul@6.1.1","npm - transitive","upload/upload/npm-bom","H:0 M:0 L:0","BSD-3-Clause",No,"transform@29.7.0, babel-jest@29.7.0"
"pirates@4.0.7","npm - transitive","upload/upload/npm-bom","H:0 M:0 L:0","MIT",No,"transform@29.7.0"
"write-file-atomic@4.0.2","npm - transitive","upload/upload/npm-bom","H:0 M:0 L:0","ISC",No,"transform@29.7.0"
"undici-types@8.3.0","npm - transitive","upload/upload/npm-bom","H:0 M:0 L:0","MIT",No,"node@26.1.1"
"p-limit@3.1.0","npm - transitive","upload/upload/npm-bom","H:0 M:0 L:0","MIT",No,"jest-changed-files@29.7.0, jest-runner@29.7.0, p-locate@5.0.0, jest-circus@29.7.0"
"test-sequencer@29.7.0","npm - transitive","upload/upload/npm-bom","H:0 M:0 L:0","MIT",No,"jest-config@29.7.0"
"babel-jest@29.7.0","npm - transitive","upload/upload/npm-bom","H:0 M:0 L:0","MIT",No,"jest-config@29.7.0"
"jest-circus@29.7.0","npm - transitive","upload/upload/npm-bom","H:0 M:0 L:0","MIT",No,"jest-config@29.7.0"
"jest-environment-node@29.7.0","npm - transitive","upload/upload/npm-bom","H:0 M:0 L:0","MIT",No,"jest-config@29.7.0, jest-runner@29.7.0"
"graceful-fs@4.1.9","npm - transitive","upload/upload/npm-bom","H:0 M:0 L:0","MIT",No,"jest-haste-map@29.7.0"
"anymatch@3.1.3","npm - transitive","upload/upload/npm-bom","H:0 M:0 L:0","ISC",No,"jest-haste-map@29.7.0"
"fb-watchman@2.0.2","npm - transitive","upload/upload/npm-bom","H:0 M:0 L:0","Apache-2.0",No,"jest-haste-map@29.7.0, metro-file-map@0.84.4"
"walker@1.0.8","npm - transitive","upload/upload/npm-bom","H:0 M:0 L:0","Apache-2.0",No,"jest-haste-map@29.7.0, metro-file-map@0.84.4"
"jest-pnp-resolver@1.2.3","npm - transitive","upload/upload/npm-bom","H:0 M:0 L:0","MIT",No,"jest-resolve@29.7.0"
"resolve.exports@2.0.3","npm - transitive","upload/upload/npm-bom","H:0 M:0 L:0","MIT",No,"jest-resolve@29.7.0"
"environment@29.7.0","npm - transitive","upload/upload/npm-bom","H:0 M:0 L:0","MIT",No,"jest-runner@29.7.0, jest-runtime@29.7.0, jest-circus@29.7.0, jest-environment-node@29.7.0, globals@29.7.0"
"emittery@0.13.1","npm - transitive","upload/upload/npm-bom","H:0 M:0 L:0","MIT",No,"jest-runner@29.7.0, jest-watcher@29.7.0"
"jest-docblock@29.7.0","npm - transitive","upload/upload/npm-bom","H:0 M:0 L:0","MIT",No,"jest-runner@29.7.0"
"jest-leak-detector@29.7.0","npm - transitive","upload/upload/npm-bom","H:0 M:0 L:0","MIT",No,"jest-runner@29.7.0"
"source-map-support@0.5.13","npm - transitive","upload/upload/npm-bom","H:0 M:0 L:0","MIT",No,"jest-runner@29.7.0"
"fake-timers@29.7.0","npm - transitive","upload/upload/npm-bom","H:0 M:0 L:0","MIT",No,"jest-runtime@29.7.0, jest-environment-node@29.7.0, environment@29.7.0"
"globals@29.7.0","npm - transitive","upload/upload/npm-bom","H:0 M:0 L:0","MIT",No,"jest-runtime@29.7.0"
"source-map@29.6.3","npm - transitive","upload/upload/npm-bom","H:0 M:0 L:0","MIT",No,"jest-runtime@29.7.0"
"cjs-module-lexer@1.4.3","npm - transitive","upload/upload/npm-bom","H:0 M:0 L:0","MIT",No,"jest-runtime@29.7.0"
"jest-mock@29.7.0","npm - transitive","upload/upload/npm-bom","H:0 M:0 L:0","MIT",No,"jest-runtime@29.7.0, jest-environment-node@29.7.0, environment@29.7.0, fake-timers@29.7.0, globals@29.7.0"
"babel-preset-current-node-syntax@1.2.0","npm - transitive","upload/upload/npm-bom","H:0 M:0 L:0","MIT",No,"jest-snapshot@29.7.0, babel-preset-jest@29.6.3"
"istanbul-lib-report@3.0.3","npm - transitive","upload/upload/npm-bom","H:0 M:0 L:0","MIT",No,"istanbul-reports@3.0.4"
"yargs-parser@21.0.3","npm - transitive","upload/upload/npm-bom","H:0 M:0 L:0","MIT",No,"yargs@17.0.35"
"domelementtype@2.3.0","npm - transitive","upload/upload/npm-bom","H:0 M:0 L:0","BSD-2-Clause",No,"domhandler@5.0.3, domutils@3.2.2, dom-serializer@2.0.0"
"dom-serializer@2.0.0","npm - transitive","upload/upload/npm-bom","H:0 M:0 L:0","MIT",No,"domutils@3.2.2"
"anynum@1.0.1","npm - transitive","upload/upload/npm-bom","H:0 M:0 L:0","MIT",No,Unknown
"ttlcache@1.4.1","npm - transitive","upload/upload/npm-bom","H:0 M:0 L:0","ISC",No,"dev-middleware@0.86.0"
"debugger-frontend@0.86.0","npm - transitive","upload/upload/npm-bom","H:0 M:0 L:0","BSD-3-Clause",No,"dev-middleware@0.86.0"
"debugger-shell@0.86.0","npm - transitive","upload/upload/npm-bom","H:0 M:0 L:0","MIT",No,"dev-middleware@0.86.0"
"chrome-launcher@0.15.2","npm - transitive","upload/upload/npm-bom","H:0 M:0 L:0","Apache-2.0",No,"dev-middleware@0.86.0"
"chromium-edge-launcher@0.3.0","npm - transitive","upload/upload/npm-bom","H:0 M:0 L:0","Apache-2.0",No,"dev-middleware@0.86.0"
"wrap-ansi@7.0.0","npm - transitive","upload/upload/npm-bom","H:0 M:0 L:0","MIT",No,"cliui@8.0.1, cliui@8.0.2"
"emoji-regex@8.0.0","npm - transitive","upload/upload/npm-bom","H:0 M:0 L:0","MIT",No,"string-width@4.2.3"
"buffer-from@1.1.2","npm - transitive","upload/upload/npm-bom","H:0 M:0 L:0","MIT",No,"source-map-support@0.5.13"
"floating-point-hex-parser@1.13.2","npm - transitive","upload/upload/npm-bom","H:0 M:0 L:0","MIT",No,"helper-numbers@1.13.2"
"long@4.2.2","npm - transitive","upload/upload/npm-bom","H:0 M:0 L:0","Apache-2.0",No,"helper-numbers@1.13.2, wast-printer@1.14.1, leb128@1.13.2"
"ieee754@1.2.0","npm - transitive","upload/upload/npm-bom","H:0 M:0 L:0","BSD-3-Clause",No,"ieee754@1.13.2"
"regenerate-unicode-properties@10.2.2","npm - transitive","upload/upload/npm-bom","H:0 M:0 L:0","MIT",No,"regexpu-core@6.4.0"
"regenerate@1.4.2","npm - transitive","upload/upload/npm-bom","H:0 M:0 L:0","MIT",No,"regexpu-core@6.4.0, regenerate-unicode-properties@10.2.2"
"regjsgen@0.8.0","npm - transitive","upload/upload/npm-bom","H:0 M:0 L:0","MIT",No,"regexpu-core@6.4.0"
"regjsparser@0.13.2","npm - transitive","upload/upload/npm-bom","H:0 M:0 L:0","BSD-2-Clause",No,"regexpu-core@6.4.0"
"unicode-match-property-ecmascript@2.0.0","npm - transitive","upload/upload/npm-bom","H:0 M:0 L:0","MIT",No,"regexpu-core@6.4.0"
"unicode-match-property-value-ecmascript@2.2.1","npm - transitive","upload/upload/npm-bom","H:0 M:0 L:0","MIT",No,"regexpu-core@6.4.0"
"moo@0.5.3","npm - transitive","upload/upload/npm-bom","H:0 M:0 L:0","BSD-3-Clause",No,"nearley@2.20.1"
"railroad-diagrams@1.0.0","npm - transitive","upload/upload/npm-bom","H:0 M:0 L:0","CC0-1.0",No,"nearley@2.20.1"
"randexp@0.4.6","npm - transitive","upload/upload/npm-bom","H:0 M:0 L:0","MIT",No,"nearley@2.20.1"
"agent@3.0.0","npm - transitive","upload/upload/npm-bom","H:0 M:0 L:0","ISC",No,"make-fetch-happen@14.0.3"
"cacache@19.0.1","npm - transitive","upload/upload/npm-bom","H:0 M:0 L:0","ISC",No,"make-fetch-happen@14.0.3"
"http-cache-semantics@4.2.0","npm - transitive","upload/upload/npm-bom","H:0 M:0 L:0","BSD-2-Clause",No,"make-fetch-happen@14.0.3"
"minipass-fetch@4.0.1","npm - transitive","upload/upload/npm-bom","H:0 M:0 L:0","MIT",No,"make-fetch-happen@14.0.3"
"minipass-flush@1.0.7","npm - transitive","upload/upload/npm-bom","H:0 M:0 L:0","BlueOak-1.0.0",No,"make-fetch-happen@14.0.3, cacache@19.0.1"
"minipass-pipeline@1.2.4","npm - transitive","upload/upload/npm-bom","H:0 M:0 L:0","ISC",No,"make-fetch-happen@14.0.3, cacache@19.0.1"
"minipass@7.1.3","npm - transitive","upload/upload/npm-bom","H:0 M:0 L:0","BlueOak-1.0.0",No,"make-fetch-happen@14.0.3, tar@7.5.21, cacache@19.0.1, minipass-fetch@4.0.1, ssri@12.0.0, fs-minipass@4.0.1, minizlib@3.1.0, fs-minipass@3.0.3, minipass-collect@2.0.1, path-scurry@1.11.1"
"promise-retry@2.0.1","npm - transitive","upload/upload/npm-bom","H:0 M:0 L:0","MIT",No,"make-fetch-happen@14.0.3"
"ssri@12.0.0","npm - transitive","upload/upload/npm-bom","H:0 M:0 L:0","ISC",No,"make-fetch-happen@14.0.3, cacache@19.0.1"
"abbrev@3.0.1","npm - transitive","upload/upload/npm-bom","H:0 M:0 L:0","ISC",No,"nopt@8.1.0"
"fs-minipass@4.0.1","npm - transitive","upload/upload/npm-bom","H:0 M:0 L:0","ISC",No,"tar@7.5.21"
"chownr@3.0.0","npm - transitive","upload/upload/npm-bom","H:0 M:0 L:0","BlueOak-1.0.0",No,"tar@7.5.21"
"minizlib@3.1.0","npm - transitive","upload/upload/npm-bom","H:0 M:0 L:0","MIT",No,"tar@7.5.21, minipass-fetch@4.0.1"
"end-of-stream@1.4.5","npm - transitive","upload/upload/npm-bom","H:0 M:0 L:0","MIT",No,"pump@3.0.4, tar-stream@2.2.0"
"deep-extend@0.6.0","npm - transitive","upload/upload/npm-bom","H:0 M:0 L:0","MIT AND MIT",No,"rc@1.2.8"
"ini@1.3.8","npm - transitive","upload/upload/npm-bom","H:0 M:0 L:0","ISC",No,"rc@1.2.8"
"decompress-response@6.0.0","npm - transitive","upload/upload/npm-bom","H:0 M:0 L:0","MIT",No,"simple-get@4.0.1"
"simple-concat@1.0.1","npm - transitive","upload/upload/npm-bom","H:0 M:0 L:0","MIT",No,"simple-get@4.0.1"
"tar-stream@2.2.0","npm - transitive","upload/upload/npm-bom","H:0 M:0 L:0","MIT",No,"tar-fs@2.1.5"
"astral-regex@1.0.0","npm - transitive","upload/upload/npm-bom","H:0 M:0 L:0","MIT",No,"slice-ansi@2.1.0"
"is-fullwidth-code-point@2.0.0","npm - transitive","upload/upload/npm-bom","H:0 M:0 L:0","MIT",No,"slice-ansi@2.1.0"
"camelcase@5.3.1","npm - transitive","upload/upload/npm-bom","H:0 M:0 L:0","MIT",No,"load-nyc-config@1.1.0"
"error-ex@1.3.4","npm - transitive","upload/upload/npm-bom","H:0 M:0 L:0","MIT",No,"parse-json@5.2.0"
"json-parse-even-better-errors@2.3.1","npm - transitive","upload/upload/npm-bom","H:0 M:0 L:0","MIT",No,"parse-json@5.2.0"
"lines-and-columns@1.2.4","npm - transitive","upload/upload/npm-bom","H:0 M:0 L:0","MIT",No,"parse-json@5.2.0"
"clone@1.0.4","npm - transitive","upload/upload/npm-bom","H:0 M:0 L:0","MIT",No,"defaults@1.0.4"
"setprototypeof@1.2.0","npm - transitive","upload/upload/npm-bom","H:0 M:0 L:0","ISC",No,"http-errors@2.0.1"
"toidentifier@1.0.1","npm - transitive","upload/upload/npm-bom","H:0 M:0 L:0","MIT",No,"http-errors@2.0.1"
"safer-buffer@2.1.2","npm - transitive","upload/upload/npm-bom","H:0 M:0 L:0","MIT",No,"iconv-lite@0.4.24"
"ee-first@1.1.1","npm - transitive","upload/upload/npm-bom","H:0 M:0 L:0","MIT",No,"on-finished@2.4.1"
"es-define-property@1.0.1","npm - transitive","upload/upload/npm-bom","H:0 M:0 L:0","MIT",No,"qs@6.15.3, call-bind@1.0.9, es-abstract@1.24.2, get-intrinsic@1.3.0, has-property-descriptors@1.0.2, define-data-property@1.1.4, es-to-primitive@1.3.4, function.prototype.name@1.2.0"
"media-typer@0.3.0","npm - transitive","upload/upload/npm-bom","H:0 M:0 L:0","MIT",No,"type-is@1.6.18"
"mime-types@2.1.35","npm - transitive","upload/upload/npm-bom","H:0 M:0 L:0","MIT",No,"type-is@1.6.18, accepts@1.3.8"
"encodeurl@1.0.2","npm - transitive","upload/upload/npm-bom","H:0 M:0 L:0","MIT",No,"finalhandler@1.1.2"
"statuses@1.5.0","npm - transitive","upload/upload/npm-bom","H:0 M:0 L:0","MIT",No,"finalhandler@1.1.2"
"fresh@0.5.2","npm - transitive","upload/upload/npm-bom","H:0 M:0 L:0","MIT",No,Unknown
"brace-expansion@5.0.7","npm - transitive","upload/upload/npm-bom","H:0 M:0 L:0","MIT",No,"minimatch@10.2.5"
"call-bind-apply-helpers@1.0.2","npm - transitive","upload/upload/npm-bom","H:0 M:0 L:0","MIT",No,"call-bind@1.0.9, call-bound@1.0.4, get-intrinsic@1.3.0, dunder-proto@1.0.1"
"set-function-length@1.2.2","npm - transitive","upload/upload/npm-bom","H:0 M:0 L:0","MIT",No,"call-bind@1.0.9"
"define-data-property@1.1.4","npm - transitive","upload/upload/npm-bom","H:0 M:0 L:0","MIT",No,"define-properties@1.2.1, iterator.prototype@1.1.5, set-function-name@2.0.2, set-function-length@1.2.2, string.prototype.trim@1.2.11"
"array-buffer-byte-length@1.0.2","npm - transitive","upload/upload/npm-bom","H:0 M:0 L:0","MIT",No,"es-abstract@1.24.2, arraybuffer.prototype.slice@1.0.4"
"arraybuffer.prototype.slice@1.0.4","npm - transitive","upload/upload/npm-bom","H:0 M:0 L:0","MIT",No,"es-abstract@1.24.2"
"available-typed-arrays@1.0.7","npm - transitive","upload/upload/npm-bom","H:0 M:0 L:0","MIT",No,"es-abstract@1.24.2, typed-array-byte-offset@1.0.4, which-typed-array@1.1.22"
"data-view-buffer@1.0.2","npm - transitive","upload/upload/npm-bom","H:0 M:0 L:0","MIT",No,"es-abstract@1.24.2"
"data-view-byte-length@1.0.2","npm - transitive","upload/upload/npm-bom","H:0 M:0 L:0","MIT",No,"es-abstract@1.24.2"
"data-view-byte-offset@1.0.1","npm - transitive","upload/upload/npm-bom","H:0 M:0 L:0","MIT",No,"es-abstract@1.24.2"
"es-to-primitive@1.3.4","npm - transitive","upload/upload/npm-bom","H:0 M:0 L:0","MIT",No,"es-abstract@1.24.2"
"function.prototype.name@1.2.0","npm - transitive","upload/upload/npm-bom","H:0 M:0 L:0","MIT",No,"es-abstract@1.24.2, which-builtin-type@1.2.1"
"get-proto@1.0.1","npm - transitive","upload/upload/npm-bom","H:0 M:0 L:0","MIT",No,"es-abstract@1.24.2, get-intrinsic@1.3.0, iterator.prototype@1.1.5, regexp.prototype.flags@1.5.4, which-typed-array@1.1.22, reflect.getprototypeof@1.0.10, is-async-function@2.1.1, is-generator-function@1.1.2"
"get-symbol-description@1.1.0","npm - transitive","upload/upload/npm-bom","H:0 M:0 L:0","MIT",No,"es-abstract@1.24.2"
"is-array-buffer@3.0.5","npm - transitive","upload/upload/npm-bom","H:0 M:0 L:0","MIT",No,"es-abstract@1.24.2, array-buffer-byte-length@1.0.2, arraybuffer.prototype.slice@1.0.4"
"is-callable@1.2.7","npm - transitive","upload/upload/npm-bom","H:0 M:0 L:0","MIT",No,"es-abstract@1.24.2, es-to-primitive@1.3.4, function.prototype.name@1.2.0, es-abstract-get@1.0.0, for-each@0.3.5"
"is-data-view@1.0.2","npm - transitive","upload/upload/npm-bom","H:0 M:0 L:0","MIT",No,"es-abstract@1.24.2, data-view-buffer@1.0.2, data-view-byte-length@1.0.2, data-view-byte-offset@1.0.1"
"is-negative-zero@2.0.3","npm - transitive","upload/upload/npm-bom","H:0 M:0 L:0","MIT",No,"es-abstract@1.24.2"
"is-regex@1.2.1","npm - transitive","upload/upload/npm-bom","H:0 M:0 L:0","MIT",No,"es-abstract@1.24.2, safe-regex-test@1.1.0, which-builtin-type@1.2.1"
"is-set@2.0.3","npm - transitive","upload/upload/npm-bom","H:0 M:0 L:0","MIT",No,"es-abstract@1.24.2, which-collection@1.0.2"
"is-shared-array-buffer@1.0.4","npm - transitive","upload/upload/npm-bom","H:0 M:0 L:0","MIT",No,"es-abstract@1.24.2"
"is-typed-array@1.1.15","npm - transitive","upload/upload/npm-bom","H:0 M:0 L:0","MIT",No,"es-abstract@1.24.2, is-data-view@1.0.2, typed-array-buffer@1.0.3, typed-array-byte-length@1.0.3, typed-array-byte-offset@1.0.4, typed-array-length@1.0.8"
"is-weakref@1.1.1","npm - transitive","upload/upload/npm-bom","H:0 M:0 L:0","MIT",No,"es-abstract@1.24.2, which-builtin-type@1.2.1"
"object-inspect@1.13.4","npm - transitive","upload/upload/npm-bom","H:0 M:0 L:0","MIT",No,"es-abstract@1.24.2, side-channel@1.1.1, side-channel-list@1.0.1, side-channel-map@1.0.1, side-channel-weakmap@1.0.2, es-abstract-get@1.0.0"
"own-keys@1.0.2","npm - transitive","upload/upload/npm-bom","H:0 M:0 L:0","MIT",No,"es-abstract@1.24.2"
"safe-array-concat@1.1.4","npm - transitive","upload/upload/npm-bom","H:0 M:0 L:0","MIT",No,"es-abstract@1.24.2"
"safe-push-apply@1.0.0","npm - transitive","upload/upload/npm-bom","H:0 M:0 L:0","MIT",No,"es-abstract@1.24.2, own-keys@1.0.2"
"safe-regex-test@1.1.0","npm - transitive","upload/upload/npm-bom","H:0 M:0 L:0","MIT",No,"es-abstract@1.24.2, string.prototype.trim@1.2.11, is-symbol@1.1.1, is-async-function@2.1.1, is-generator-function@1.1.2"
"set-proto@1.0.0","npm - transitive","upload/upload/npm-bom","H:0 M:0 L:0","MIT",No,"es-abstract@1.24.2"
"stop-iteration-iterator@1.1.0","npm - transitive","upload/upload/npm-bom","H:0 M:0 L:0","MIT",No,"es-abstract@1.24.2"
"string.prototype.trim@1.2.11","npm - transitive","upload/upload/npm-bom","H:0 M:0 L:0","MIT",No,"es-abstract@1.24.2"
"string.prototype.trimend@1.0.10","npm - transitive","upload/upload/npm-bom","H:0 M:0 L:0","MIT",No,"es-abstract@1.24.2"
"string.prototype.trimstart@1.0.8","npm - transitive","upload/upload/npm-bom","H:0 M:0 L:0","MIT",No,"es-abstract@1.24.2"
"typed-array-buffer@1.0.3","npm - transitive","upload/upload/npm-bom","H:0 M:0 L:0","MIT",No,"es-abstract@1.24.2"
"typed-array-byte-length@1.0.3","npm - transitive","upload/upload/npm-bom","H:0 M:0 L:0","MIT",No,"es-abstract@1.24.2"
"typed-array-byte-offset@1.0.4","npm - transitive","upload/upload/npm-bom","H:0 M:0 L:0","MIT",No,"es-abstract@1.24.2"
"typed-array-length@1.0.8","npm - transitive","upload/upload/npm-bom","H:0 M:0 L:0","MIT",No,"es-abstract@1.24.2"
"unbox-primitive@1.1.0","npm - transitive","upload/upload/npm-bom","H:0 M:0 L:0","MIT",No,"es-abstract@1.24.2"
"which-typed-array@1.1.22","npm - transitive","upload/upload/npm-bom","H:0 M:0 L:0","MIT",No,"es-abstract@1.24.2, is-typed-array@1.1.15, which-builtin-type@1.2.1"
"has-tostringtag@1.0.2","npm - transitive","upload/upload/npm-bom","H:0 M:0 L:0","MIT",No,"is-string@1.1.1, es-set-tostringtag@2.1.0, is-regex@1.2.1, which-typed-array@1.1.22, is-date-object@1.1.0, which-builtin-type@1.2.1, is-boolean-object@1.2.2, is-number-object@1.1.1, is-async-function@2.1.1, is-generator-function@1.1.2"
"dunder-proto@1.0.1","npm - transitive","upload/upload/npm-bom","H:0 M:0 L:0","MIT",No,"has-proto@1.2.0, get-proto@1.0.1, set-proto@1.0.0"
"functions-have-names@1.2.3","npm - transitive","upload/upload/npm-bom","H:0 M:0 L:0","MIT",No,"set-function-name@2.0.2, function.prototype.name@1.2.0"
"side-channel-list@1.0.1","npm - transitive","upload/upload/npm-bom","H:0 M:0 L:0","MIT",No,"side-channel@1.1.1"
"side-channel-map@1.0.1","npm - transitive","upload/upload/npm-bom","H:0 M:0 L:0","MIT",No,"side-channel@1.1.1, side-channel-weakmap@1.0.2"
"side-channel-weakmap@1.0.2","npm - transitive","upload/upload/npm-bom","H:0 M:0 L:0","MIT",No,"side-channel@1.1.1"
"agent-base@7.1.4","npm - transitive","upload/upload/npm-bom","H:0 M:0 L:0","MIT",No,"https-proxy-agent@7.0.6, agent@3.0.0, http-proxy-agent@7.0.2, socks-proxy-agent@8.0.5"
"stackframe@1.3.4","npm - transitive","upload/upload/npm-bom","H:0 M:0 L:0","MIT",No,"error-stack-parser@2.1.4"
"queue@6.0.2","npm - transitive","upload/upload/npm-bom","H:0 M:0 L:0","MIT",No,Unknown
"metro-minify-terser@0.84.4","npm - transitive","upload/upload/npm-bom","H:0 M:0 L:0","MIT",No,"metro-transform-worker@0.84.4"
"tr46@0.0.3","npm - transitive","upload/upload/npm-bom","H:0 M:0 L:0","MIT",No,"whatwg-url@5.0.0"
"webidl-conversions@3.0.1","npm - transitive","upload/upload/npm-bom","H:0 M:0 L:0","BSD-2-Clause",No,"whatwg-url@5.0.0"
"ieee754@1.2.1","npm - transitive","upload/upload/npm-bom","H:0 M:0 L:0","BSD-3-Clause",No,"buffer@5.7.1"
"string_decoder@1.3.0","npm - transitive","upload/upload/npm-bom","H:0 M:0 L:0","MIT",No,"readable-stream@3.6.2"
"util-deprecate@1.0.2","npm - transitive","upload/upload/npm-bom","H:0 M:0 L:0","MIT",No,"readable-stream@3.6.2"
"fill-range@7.1.1","npm - transitive","upload/upload/npm-bom","H:0 M:0 L:0","MIT",No,"braces@3.0.3"
"wrappy@1.0.2","npm - transitive","upload/upload/npm-bom","H:0 M:0 L:0","ISC",No,"once@1.4.0, inflight@1.0.6"
"forwarded@0.2.0","npm - transitive","upload/upload/npm-bom","H:0 M:0 L:0","MIT",No,"proxy-addr@2.0.7"
"ipaddr.js@1.9.1","npm - transitive","upload/upload/npm-bom","H:0 M:0 L:0","MIT",No,"proxy-addr@2.0.7"
"is-promise@4.0.0","npm - transitive","upload/upload/npm-bom","H:0 M:0 L:0","MIT",No,"router@2.2.0"
"path-to-regexp@8.4.2","npm - transitive","upload/upload/npm-bom","H:0 M:0 L:0","MIT",No,"router@2.2.0"
"use-sync-external-store@0.0.6","npm - transitive","upload/upload/npm-bom","H:0 M:0 L:0","MIT",No,"react-redux@9.3.0"
"diff-sequences@29.6.3","npm - transitive","upload/upload/npm-bom","H:0 M:0 L:0","MIT",No,"jest-diff@29.7.0"
"callsites@3.1.0","npm - transitive","upload/upload/npm-bom","H:0 M:0 L:0","MIT",No,"parent-module@1.0.1, source-map@29.6.3"
"queue-microtask@1.2.3","npm - transitive","upload/upload/npm-bom","H:0 M:0 L:0","MIT",No,"run-parallel@1.2.0"
"json-buffer@3.0.1","npm - transitive","upload/upload/npm-bom","H:0 M:0 L:0","MIT",No,"keyv@4.5.4"
"fs.realpath@1.0.0","npm - transitive","upload/upload/npm-bom","H:0 M:0 L:0","ISC",No,"glob@7.2.3"
"inflight@1.0.6","npm - transitive","upload/upload/npm-bom","H:0 M:0 L:0","ISC",No,"glob@7.2.3"
"path-is-absolute@1.0.1","npm - transitive","upload/upload/npm-bom","H:0 M:0 L:0","MIT",No,"glob@7.2.3"
"schema@0.1.6","npm - transitive","upload/upload/npm-bom","H:0 M:0 L:0","MIT",No,"istanbul-lib-instrument@6.0.3, babel-plugin-istanbul@6.1.1, test-exclude@6.0.0"
"make-dir@4.0.0","npm - transitive","upload/upload/npm-bom","H:0 M:0 L:0","MIT",No,"istanbul-lib-report@3.0.1"
"html-escaper@2.0.2","npm - transitive","upload/upload/npm-bom","H:0 M:0 L:0","MIT",No,"istanbul-reports@3.2.0"
"char-regex@1.0.2","npm - transitive","upload/upload/npm-bom","H:0 M:0 L:0","MIT",No,"string-length@4.0.2"
"load-nyc-config@1.1.0","npm - transitive","upload/upload/npm-bom","H:0 M:0 L:0","ISC",No,"babel-plugin-istanbul@6.1.1"
"test-exclude@6.0.0","npm - transitive","upload/upload/npm-bom","H:0 M:0 L:0","ISC",No,"babel-plugin-istanbul@6.1.1"
"yocto-queue@0.1.0","npm - transitive","upload/upload/npm-bom","H:0 M:0 L:0","MIT",No,"p-limit@3.1.0"
"babel__core@7.20.5","npm - transitive","upload/upload/npm-bom","H:0 M:0 L:0","MIT",No,"babel-jest@29.7.0, babel-plugin-jest-hoist@29.6.3"
"babel-preset-jest@29.6.3","npm - transitive","upload/upload/npm-bom","H:0 M:0 L:0","MIT",No,"babel-jest@29.7.0"
"co@4.6.0","npm - transitive","upload/upload/npm-bom","H:0 M:0 L:0","MIT",No,"jest-circus@29.7.0"
"is-generator-fn@2.1.0","npm - transitive","upload/upload/npm-bom","H:0 M:0 L:0","MIT",No,"jest-circus@29.7.0"
"jest-each@29.7.0","npm - transitive","upload/upload/npm-bom","H:0 M:0 L:0","MIT",No,"jest-circus@29.7.0"
"pure-rand@6.1.0","npm - transitive","upload/upload/npm-bom","H:0 M:0 L:0","MIT",No,"jest-circus@29.7.0"
"normalize-path@3.0.0","npm - transitive","upload/upload/npm-bom","H:0 M:0 L:0","MIT",No,"anymatch@3.1.3"
"bser@2.1.1","npm - transitive","upload/upload/npm-bom","H:0 M:0 L:0","Apache-2.0",No,"fb-watchman@2.0.2"
"makeerror@1.0.12","npm - transitive","upload/upload/npm-bom","H:0 M:0 L:0","BSD-3-Clause",No,"walker@1.0.8"
"detect-newline@3.1.0","npm - transitive","upload/upload/npm-bom","H:0 M:0 L:0","MIT",No,"jest-docblock@29.7.0"
"fake-timers@10.3.0","npm - transitive","upload/upload/npm-bom","H:0 M:0 L:0","BSD-3-Clause",No,"fake-timers@29.7.0"
"plugin-syntax-async-generators@7.8.4","npm - transitive","upload/upload/npm-bom","H:0 M:0 L:0","MIT",No,"babel-preset-current-node-syntax@1.2.0"
"plugin-syntax-bigint@7.8.3","npm - transitive","upload/upload/npm-bom","H:0 M:0 L:0","MIT",No,"babel-preset-current-node-syntax@1.2.0"
"plugin-syntax-class-properties@7.12.13","npm - transitive","upload/upload/npm-bom","H:0 M:0 L:0","MIT",No,"babel-preset-current-node-syntax@1.2.0"
"plugin-syntax-class-static-block@7.14.5","npm - transitive","upload/upload/npm-bom","H:0 M:0 L:0","MIT",No,"babel-preset-current-node-syntax@1.2.0"
"plugin-syntax-import-meta@7.10.4","npm - transitive","upload/upload/npm-bom","H:0 M:0 L:0","MIT",No,"babel-preset-current-node-syntax@1.2.0"
"plugin-syntax-json-strings@7.8.3","npm - transitive","upload/upload/npm-bom","H:0 M:0 L:0","MIT",No,"babel-preset-current-node-syntax@1.2.0"
"plugin-syntax-logical-assignment-operators@7.10.4","npm - transitive","upload/upload/npm-bom","H:0 M:0 L:0","MIT",No,"babel-preset-current-node-syntax@1.2.0"
"plugin-syntax-numeric-separator@7.10.4","npm - transitive","upload/upload/npm-bom","H:0 M:0 L:0","MIT",No,"babel-preset-current-node-syntax@1.2.0"
"plugin-syntax-object-rest-spread@7.8.3","npm - transitive","upload/upload/npm-bom","H:0 M:0 L:0","MIT",No,"babel-preset-current-node-syntax@1.2.0"
"plugin-syntax-optional-catch-binding@7.8.3","npm - transitive","upload/upload/npm-bom","H:0 M:0 L:0","MIT",No,"babel-preset-current-node-syntax@1.2.0"
"plugin-syntax-private-property-in-object@7.14.5","npm - transitive","upload/upload/npm-bom","H:0 M:0 L:0","MIT",No,"babel-preset-current-node-syntax@1.2.0"
"plugin-syntax-top-level-await@7.14.5","npm - transitive","upload/upload/npm-bom","H:0 M:0 L:0","MIT",No,"babel-preset-current-node-syntax@1.2.0"
"entities@4.5.0","npm - transitive","upload/upload/npm-bom","H:0 M:0 L:0","BSD-2-Clause",No,"dom-serializer@2.0.0"
"fb-dotslash@0.5.8","npm - transitive","upload/upload/npm-bom","H:0 M:0 L:0","(MIT OR Apache-2.0)",No,"debugger-shell@0.86.0"
"is-wsl@2.2.0","npm - transitive","upload/upload/npm-bom","H:0 M:0 L:0","MIT",No,"chrome-launcher@0.15.2, chromium-edge-launcher@0.3.0"
"lighthouse-logger@1.4.2","npm - transitive","upload/upload/npm-bom","H:0 M:0 L:0","Apache-2.0",No,"chrome-launcher@0.15.2, chromium-edge-launcher@0.3.0"
"mkdirp@1.0.4","npm - transitive","upload/upload/npm-bom","H:0 M:0 L:0","MIT",No,"chromium-edge-launcher@0.3.0"
"is-docker@2.2.1","npm - transitive","upload/upload/npm-bom","H:0 M:0 L:0","MIT",No,"is-wsl@2.2.0"
"unicode-canonical-property-names-ecmascript@2.0.1","npm - transitive","upload/upload/npm-bom","H:0 M:0 L:0","MIT",No,"unicode-match-property-ecmascript@2.0.0"
"unicode-property-aliases-ecmascript@2.2.0","npm - transitive","upload/upload/npm-bom","H:0 M:0 L:0","MIT",No,"unicode-match-property-ecmascript@2.0.0"
"discontinuous-range@1.0.0","npm - transitive","upload/upload/npm-bom","H:0 M:0 L:0","MIT",No,"randexp@0.4.6"
"http-proxy-agent@7.0.2","npm - transitive","upload/upload/npm-bom","H:0 M:0 L:0","MIT",No,"agent@3.0.0"
"socks-proxy-agent@8.0.5","npm - transitive","upload/upload/npm-bom","H:0 M:0 L:0","MIT",No,"agent@3.0.0"
"fs@4.0.0","npm - transitive","upload/upload/npm-bom","H:0 M:0 L:0","ISC",No,"cacache@19.0.1"
"fs-minipass@3.0.3","npm - transitive","upload/upload/npm-bom","H:0 M:0 L:0","ISC",No,"cacache@19.0.1"
"minipass-collect@2.0.1","npm - transitive","upload/upload/npm-bom","H:0 M:0 L:0","ISC",No,"cacache@19.0.1"
"p-map@7.0.6","npm - transitive","upload/upload/npm-bom","H:0 M:0 L:0","MIT",No,"cacache@19.0.1"
"unique-filename@4.0.0","npm - transitive","upload/upload/npm-bom","H:0 M:0 L:0","ISC",No,"cacache@19.0.1"
"minipass-sized@1.0.3","npm - transitive","upload/upload/npm-bom","H:0 M:0 L:0","ISC",No,"minipass-fetch@4.0.1"
"err-code@2.0.3","npm - transitive","upload/upload/npm-bom","H:0 M:0 L:0","MIT",No,"promise-retry@2.0.1"
"retry@0.12.0","npm - transitive","upload/upload/npm-bom","H:0 M:0 L:0","MIT",No,"promise-retry@2.0.1"
"mimic-response@3.1.0","npm - transitive","upload/upload/npm-bom","H:0 M:0 L:0","MIT",No,"decompress-response@6.0.0"
"fs-constants@1.0.0","npm - transitive","upload/upload/npm-bom","H:0 M:0 L:0","MIT",No,"tar-stream@2.2.0"
"is-arrayish@0.2.1","npm - transitive","upload/upload/npm-bom","H:0 M:0 L:0","MIT",No,"error-ex@1.3.4"
"balanced-match@4.0.4","npm - transitive","upload/upload/npm-bom","H:0 M:0 L:0","MIT",No,"brace-expansion@5.0.7"
"possible-typed-array-names@1.1.0","npm - transitive","upload/upload/npm-bom","H:0 M:0 L:0","MIT",No,"available-typed-arrays@1.0.7, typed-array-length@1.0.8"
"es-abstract-get@1.0.0","npm - transitive","upload/upload/npm-bom","H:0 M:0 L:0","MIT",No,"es-to-primitive@1.3.4"
"is-date-object@1.1.0","npm - transitive","upload/upload/npm-bom","H:0 M:0 L:0","MIT",No,"es-to-primitive@1.3.4, which-builtin-type@1.2.1"
"is-symbol@1.1.1","npm - transitive","upload/upload/npm-bom","H:0 M:0 L:0","MIT",No,"es-to-primitive@1.3.4, which-boxed-primitive@1.1.1"
"is-document.all@1.0.0","npm - transitive","upload/upload/npm-bom","H:0 M:0 L:0","MIT",No,"function.prototype.name@1.2.0"
"isarray@2.0.5","npm - transitive","upload/upload/npm-bom","H:0 M:0 L:0","MIT",No,"safe-array-concat@1.1.4, safe-push-apply@1.0.0, which-builtin-type@1.2.1"
"for-each@0.3.5","npm - transitive","upload/upload/npm-bom","H:0 M:0 L:0","MIT",No,"typed-array-byte-length@1.0.3, typed-array-byte-offset@1.0.4, typed-array-length@1.0.8, which-typed-array@1.1.22"
"reflect.getprototypeof@1.0.10","npm - transitive","upload/upload/npm-bom","H:0 M:0 L:0","MIT",No,"typed-array-byte-offset@1.0.4, typed-array-length@1.0.8"
"has-bigints@1.1.0","npm - transitive","upload/upload/npm-bom","H:0 M:0 L:0","MIT",No,"unbox-primitive@1.1.0, is-bigint@1.1.0"
"which-boxed-primitive@1.1.1","npm - transitive","upload/upload/npm-bom","H:0 M:0 L:0","MIT",No,"unbox-primitive@1.1.0, which-builtin-type@1.2.1"
"to-regex-range@5.0.1","npm - transitive","upload/upload/npm-bom","H:0 M:0 L:0","MIT",No,"fill-range@7.1.1"
"get-package-type@0.1.0","npm - transitive","upload/upload/npm-bom","H:0 M:0 L:0","MIT",No,"load-nyc-config@1.1.0"
"babel__generator@7.27.0","npm - transitive","upload/upload/npm-bom","H:0 M:0 L:0","MIT",No,"babel__core@7.20.5"
"babel__template@7.4.4","npm - transitive","upload/upload/npm-bom","H:0 M:0 L:0","MIT",No,"babel__core@7.20.5"
"babel__traverse@7.28.0","npm - transitive","upload/upload/npm-bom","H:0 M:0 L:0","MIT",No,"babel__core@7.20.5, babel-plugin-jest-hoist@29.6.3"
"babel-plugin-jest-hoist@29.6.3","npm - transitive","upload/upload/npm-bom","H:0 M:0 L:0","MIT",No,"babel-preset-jest@29.6.3"
"node-int64@0.4.0","npm - transitive","upload/upload/npm-bom","H:0 M:0 L:0","MIT",No,"bser@2.1.1"
"tmpl@1.0.5","npm - transitive","upload/upload/npm-bom","H:0 M:0 L:0","BSD-3-Clause",No,"makeerror@1.0.12"
"commons@3.0.1","npm - transitive","upload/upload/npm-bom","H:0 M:0 L:0","BSD-3-Clause",No,"fake-timers@10.3.0"
"marky@1.3.0","npm - transitive","upload/upload/npm-bom","H:0 M:0 L:0","Apache-2.0",No,"lighthouse-logger@1.4.2"
"socks@2.8.9","npm - transitive","upload/upload/npm-bom","H:0 M:0 L:0","MIT",No,"socks-proxy-agent@8.0.5"
"foreground-child@3.3.1","npm - transitive","upload/upload/npm-bom","H:0 M:0 L:0","ISC",No,Unknown
"jackspeak@3.4.3","npm - transitive","upload/upload/npm-bom","H:0 M:0 L:0","BlueOak-1.0.0",No,Unknown
"package-json-from-dist@1.0.1","npm - transitive","upload/upload/npm-bom","H:0 M:0 L:0","BlueOak-1.0.0",No,Unknown
"path-scurry@1.11.1","npm - transitive","upload/upload/npm-bom","H:0 M:0 L:0","BlueOak-1.0.0",No,Unknown
"unique-slug@5.0.0","npm - transitive","upload/upload/npm-bom","H:0 M:0 L:0","ISC",No,"unique-filename@4.0.0"
"which-builtin-type@1.2.1","npm - transitive","upload/upload/npm-bom","H:0 M:0 L:0","MIT",No,"reflect.getprototypeof@1.0.10"
"is-bigint@1.1.0","npm - transitive","upload/upload/npm-bom","H:0 M:0 L:0","MIT",No,"which-boxed-primitive@1.1.1"
"is-boolean-object@1.2.2","npm - transitive","upload/upload/npm-bom","H:0 M:0 L:0","MIT",No,"which-boxed-primitive@1.1.1"
"is-number-object@1.1.1","npm - transitive","upload/upload/npm-bom","H:0 M:0 L:0","MIT",No,"which-boxed-primitive@1.1.1"
"is-number@7.0.0","npm - transitive","upload/upload/npm-bom","H:0 M:0 L:0","MIT",No,"to-regex-range@5.0.1"
"esprima@4.0.1","npm - transitive","upload/upload/npm-bom","H:0 M:0 L:0","BSD-2-Clause",No,Unknown
"type-detect@4.0.8","npm - transitive","upload/upload/npm-bom","H:0 M:0 L:0","MIT",No,"commons@3.0.1"
"ip-address@10.2.0","npm - transitive","upload/upload/npm-bom","H:0 M:0 L:0","MIT",No,"socks@2.8.9"
"smart-buffer@4.2.0","npm - transitive","upload/upload/npm-bom","H:0 M:0 L:0","MIT",No,"socks@2.8.9"
"cliui@8.0.2","npm - transitive","upload/upload/npm-bom","H:0 M:0 L:0","ISC",No,"jackspeak@3.4.3"
"parseargs@0.11.0","npm - transitive","upload/upload/npm-bom","H:0 M:0 L:0","MIT",No,"jackspeak@3.4.3"
"p-try@2.2.0","npm - transitive","upload/upload/npm-bom","H:0 M:0 L:0","MIT",No,Unknown
"is-async-function@2.1.1","npm - transitive","upload/upload/npm-bom","H:0 M:0 L:0","MIT",No,"which-builtin-type@1.2.1"
"is-finalizationregistry@1.1.1","npm - transitive","upload/upload/npm-bom","H:0 M:0 L:0","MIT",No,"which-builtin-type@1.2.1"
"is-generator-function@1.1.2","npm - transitive","upload/upload/npm-bom","H:0 M:0 L:0","MIT",No,"which-builtin-type@1.2.1"
"which-collection@1.0.2","npm - transitive","upload/upload/npm-bom","H:0 M:0 L:0","MIT",No,"which-builtin-type@1.2.1"
"sprintf-js@1.0.3","npm - transitive","upload/upload/npm-bom","H:0 M:0 L:0","BSD-3-Clause",No,Unknown
"async-function@1.0.0","npm - transitive","upload/upload/npm-bom","H:0 M:0 L:0","MIT",No,"is-async-function@2.1.1"
"generator-function@2.0.1","npm - transitive","upload/upload/npm-bom","H:0 M:0 L:0","MIT",No,"is-generator-function@1.1.2"
"is-map@2.0.3","npm - transitive","upload/upload/npm-bom","H:0 M:0 L:0","MIT",No,"which-collection@1.0.2"
"is-weakmap@2.0.2","npm - transitive","upload/upload/npm-bom","H:0 M:0 L:0","MIT",No,"which-collection@1.0.2"
"is-weakset@2.0.4","npm - transitive","upload/upload/npm-bom","H:0 M:0 L:0","MIT",No,"which-collection@1.0.2"
"eastasianwidth@0.2.0","npm - transitive","upload/upload/npm-bom","H:0 M:0 L:0","MIT",No,Unknown